Workbook

Sheet Task_Tracker
A1: Workstream | B1: Task ID | C1: Task | D1: Phase | E1: Owner | F1: Priority | G1: Due Date | H1: Dependency | I1: Status | J1: Risk | K1: Notes | L1: Next_Due_Date | M1: Last_Auto_Update
A2: =IFS( VALUE(RIGHT(B2,3))<=10,"Identity Security & MFA Enablement", VALUE(RIGHT(B2,3))<=20,"Security Awareness & Human Risk Reduction", VALUE(RIGHT(B2,3))<=26,"Policy Compliance & Governance", VALUE(RIGHT(B2,3))<=32,"Incident Intake & Escalation Modernization", VALUE(RIGHT(B2,3))<=38,"Stakeholder Engagement & Change Management", VALUE(RIGHT(B2,3))<=44,"Program Reporting & Delivery Governance" ) -> Identity Security & MFA Enablement | B2: ="SEC-"&TEXT(ROW()-1,"000") -> SEC-001 | C2: =SWITCH( VALUE(RIGHT(B2,3)), 1,"Identify MFA pilot user group", 2,"Validate SSO compatibility", 3,"Define MFA exception process", 4,"Draft employee MFA communications", 5,"Configure MFA pilot environment", 6,"Launch MFA pilot deployment", 7,"Resolve pilot user issues", 8,"Evaluate pilot adoption metrics", 9,"Prepare phased enterprise rollout", 10,"Launch organization-wide MFA deployment", 11,"Assess existing security training content", 12,"Select phishing-awareness training modules", 13,"Configure LMS training content", 14,"Design phishing simulation campaign", 15,"Pilot phishing-awareness training", 16,"Launch mandatory employee training", 17,"Monitor completion rates by department", 18,"Send training reminder communications", 19,"Evaluate phishing simulation results", 20,"Recommend targeted retraining groups", 21,"Review existing cybersecurity policies", 22,"Update acceptable-use policy", 23,"Revise password and credential standards", 24,"Configure employee acknowledgment workflow", 25,"Launch policy attestation campaign", 26,"Monitor policy completion compliance", 27,"Document current incident reporting workflow", 28,"Identify reporting bottlenecks", 29,"Design revised escalation process", 30,"Develop incident reporting templates", 31,"Train managers on escalation procedures", 32,"Launch updated reporting process", 33,"Identify stakeholder groups", 34,"Develop communication strategy", 35,"Draft executive kickoff briefing", 36,"Publish employee FAQ document", 37,"Conduct biweekly stakeholder reviews", 38,"Coordinate adoption feedback sessions", 39,"Establish weekly reporting cadence", 40,"Build RAID log template", 41,"Create executive status report template", 42,"Establish milestone tracking framework", 43,"Conduct weekly program status review", 44,"Compile monthly executive updates" ) -> Identify MFA pilot user group | D2: =IFS( VALUE(RIGHT(B2,3))<=5,"Planning & Pilot", AND(VALUE(RIGHT(B2,3))>=11,VALUE(RIGHT(B2,3))<=15),"Planning & Pilot", AND(VALUE(RIGHT(B2,3))>=21,VALUE(RIGHT(B2,3))<=24),"Planning & Pilot", AND(VALUE(RIGHT(B2,3))>=27,VALUE(RIGHT(B2,3))<=30),"Planning & Pilot", AND(VALUE(RIGHT(B2,3))>=33,VALUE(RIGHT(B2,3))<=35),"Planning & Pilot", AND(VALUE(RIGHT(B2,3))>=39,VALUE(RIGHT(B2,3))<=42),"Planning & Pilot", AND(VALUE(RIGHT(B2,3))>=6,VALUE(RIGHT(B2,3))<=10),"Rollout & Adoption", AND(VALUE(RIGHT(B2,3))>=16,VALUE(RIGHT(B2,3))<=20),"Rollout & Adoption", AND(VALUE(RIGHT(B2,3))>=25,VALUE(RIGHT(B2,3))<=26),"Rollout & Adoption", AND(VALUE(RIGHT(B2,3))>=31,VALUE(RIGHT(B2,3))<=32),"Rollout & Adoption", AND(VALUE(RIGHT(B2,3))>=36,VALUE(RIGHT(B2,3))<=38),"Rollout & Adoption", VALUE(RIGHT(B2,3))=43,"Rollout & Adoption", VALUE(RIGHT(B2,3))=44,"Stabilization & Reporting" ) -> Planning & Pilot | E2: =IFERROR(VLOOKUP(B2,Rules!A:F,2,FALSE),"") -> IT Security Team | F2: =IFERROR(VLOOKUP(B2,Rules!A:F,3,FALSE),"") -> High | G2: 46200 | H2: =IFERROR(VLOOKUP(B2,Rules!A:F,6,FALSE),"") | I2: =IFERROR(VLOOKUP(B2,Rules!A:F,4,FALSE),"") -> Done | J2: =IFERROR(VLOOKUP(B2,Rules!A:F,5,FALSE),"") -> Medium | L2: {=IF( I2="Done", G2, IF( G2<TODAY(), TODAY()+ SWITCH( I2, "To Do", XLOOKUP(D2, Timeline!A:A, Timeline!D:D), "In Progress", XLOOKUP(D2, Timeline!A:A, Timeline!E:E), "Review", XLOOKUP(D2, Timeline!A:A, Timeline!F:F), "Blocked", XLOOKUP(D2, Timeline!A:A, Timeline!G:G), 7 ), G2 ) )} -> 46200
A3: =IFS( VALUE(RIGHT(B3,3))<=10,"Identity Security & MFA Enablement", VALUE(RIGHT(B3,3))<=20,"Security Awareness & Human Risk Reduction", VALUE(RIGHT(B3,3))<=26,"Policy Compliance & Governance", VALUE(RIGHT(B3,3))<=32,"Incident Intake & Escalation Modernization", VALUE(RIGHT(B3,3))<=38,"Stakeholder Engagement & Change Management", VALUE(RIGHT(B3,3))<=44,"Program Reporting & Delivery Governance" ) -> Identity Security & MFA Enablement | B3: ="SEC-"&TEXT(ROW()-1,"000") -> SEC-002 | C3: =SWITCH( VALUE(RIGHT(B3,3)), 1,"Identify MFA pilot user group", 2,"Validate SSO compatibility", 3,"Define MFA exception process", 4,"Draft employee MFA communications", 5,"Configure MFA pilot environment", 6,"Launch MFA pilot deployment", 7,"Resolve pilot user issues", 8,"Evaluate pilot adoption metrics", 9,"Prepare phased enterprise rollout", 10,"Launch organization-wide MFA deployment", 11,"Assess existing security training content", 12,"Select phishing-awareness training modules", 13,"Configure LMS training content", 14,"Design phishing simulation campaign", 15,"Pilot phishing-awareness training", 16,"Launch mandatory employee training", 17,"Monitor completion rates by department", 18,"Send training reminder communications", 19,"Evaluate phishing simulation results", 20,"Recommend targeted retraining groups", 21,"Review existing cybersecurity policies", 22,"Update acceptable-use policy", 23,"Revise password and credential standards", 24,"Configure employee acknowledgment workflow", 25,"Launch policy attestation campaign", 26,"Monitor policy completion compliance", 27,"Document current incident reporting workflow", 28,"Identify reporting bottlenecks", 29,"Design revised escalation process", 30,"Develop incident reporting templates", 31,"Train managers on escalation procedures", 32,"Launch updated reporting process", 33,"Identify stakeholder groups", 34,"Develop communication strategy", 35,"Draft executive kickoff briefing", 36,"Publish employee FAQ document", 37,"Conduct biweekly stakeholder reviews", 38,"Coordinate adoption feedback sessions", 39,"Establish weekly reporting cadence", 40,"Build RAID log template", 41,"Create executive status report template", 42,"Establish milestone tracking framework", 43,"Conduct weekly program status review", 44,"Compile monthly executive updates" ) -> Validate SSO compatibility | D3: =IFS( VALUE(RIGHT(B3,3))<=5,"Planning & Pilot", AND(VALUE(RIGHT(B3,3))>=11,VALUE(RIGHT(B3,3))<=15),"Planning & Pilot", AND(VALUE(RIGHT(B3,3))>=21,VALUE(RIGHT(B3,3))<=24),"Planning & Pilot", AND(VALUE(RIGHT(B3,3))>=27,VALUE(RIGHT(B3,3))<=30),"Planning & Pilot", AND(VALUE(RIGHT(B3,3))>=33,VALUE(RIGHT(B3,3))<=35),"Planning & Pilot", AND(VALUE(RIGHT(B3,3))>=39,VALUE(RIGHT(B3,3))<=42),"Planning & Pilot", AND(VALUE(RIGHT(B3,3))>=6,VALUE(RIGHT(B3,3))<=10),"Rollout & Adoption", AND(VALUE(RIGHT(B3,3))>=16,VALUE(RIGHT(B3,3))<=20),"Rollout & Adoption", AND(VALUE(RIGHT(B3,3))>=25,VALUE(RIGHT(B3,3))<=26),"Rollout & Adoption", AND(VALUE(RIGHT(B3,3))>=31,VALUE(RIGHT(B3,3))<=32),"Rollout & Adoption", AND(VALUE(RIGHT(B3,3))>=36,VALUE(RIGHT(B3,3))<=38),"Rollout & Adoption", VALUE(RIGHT(B3,3))=43,"Rollout & Adoption", VALUE(RIGHT(B3,3))=44,"Stabilization & Reporting" ) -> Planning & Pilot | E3: =IFERROR(VLOOKUP(B3,Rules!A:F,2,FALSE),"") -> IT Security Team | F3: =IFERROR(VLOOKUP(B3,Rules!A:F,3,FALSE),"") -> High | G3: 46177 | H3: =IFERROR(VLOOKUP(B3,Rules!A:F,6,FALSE),"") | I3: =IFERROR(VLOOKUP(B3,Rules!A:F,4,FALSE),"") -> Done | J3: =IFERROR(VLOOKUP(B3,Rules!A:F,5,FALSE),"") -> Medium | L3: {=IF( I3="Done", G3, IF( G3<TODAY(), TODAY()+ SWITCH( I3, "To Do", XLOOKUP(D3, Timeline!A:A, Timeline!D:D), "In Progress", XLOOKUP(D3, Timeline!A:A, Timeline!E:E), "Review", XLOOKUP(D3, Timeline!A:A, Timeline!F:F), "Blocked", XLOOKUP(D3, Timeline!A:A, Timeline!G:G), 7 ), G3 ) )} -> 46177
A4: =IFS( VALUE(RIGHT(B4,3))<=10,"Identity Security & MFA Enablement", VALUE(RIGHT(B4,3))<=20,"Security Awareness & Human Risk Reduction", VALUE(RIGHT(B4,3))<=26,"Policy Compliance & Governance", VALUE(RIGHT(B4,3))<=32,"Incident Intake & Escalation Modernization", VALUE(RIGHT(B4,3))<=38,"Stakeholder Engagement & Change Management", VALUE(RIGHT(B4,3))<=44,"Program Reporting & Delivery Governance" ) -> Identity Security & MFA Enablement | B4: ="SEC-"&TEXT(ROW()-1,"000") -> SEC-003 | C4: =SWITCH( VALUE(RIGHT(B4,3)), 1,"Identify MFA pilot user group", 2,"Validate SSO compatibility", 3,"Define MFA exception process", 4,"Draft employee MFA communications", 5,"Configure MFA pilot environment", 6,"Launch MFA pilot deployment", 7,"Resolve pilot user issues", 8,"Evaluate pilot adoption metrics", 9,"Prepare phased enterprise rollout", 10,"Launch organization-wide MFA deployment", 11,"Assess existing security training content", 12,"Select phishing-awareness training modules", 13,"Configure LMS training content", 14,"Design phishing simulation campaign", 15,"Pilot phishing-awareness training", 16,"Launch mandatory employee training", 17,"Monitor completion rates by department", 18,"Send training reminder communications", 19,"Evaluate phishing simulation results", 20,"Recommend targeted retraining groups", 21,"Review existing cybersecurity policies", 22,"Update acceptable-use policy", 23,"Revise password and credential standards", 24,"Configure employee acknowledgment workflow", 25,"Launch policy attestation campaign", 26,"Monitor policy completion compliance", 27,"Document current incident reporting workflow", 28,"Identify reporting bottlenecks", 29,"Design revised escalation process", 30,"Develop incident reporting templates", 31,"Train managers on escalation procedures", 32,"Launch updated reporting process", 33,"Identify stakeholder groups", 34,"Develop communication strategy", 35,"Draft executive kickoff briefing", 36,"Publish employee FAQ document", 37,"Conduct biweekly stakeholder reviews", 38,"Coordinate adoption feedback sessions", 39,"Establish weekly reporting cadence", 40,"Build RAID log template", 41,"Create executive status report template", 42,"Establish milestone tracking framework", 43,"Conduct weekly program status review", 44,"Compile monthly executive updates" ) -> Define MFA exception process | D4: =IFS( VALUE(RIGHT(B4,3))<=5,"Planning & Pilot", AND(VALUE(RIGHT(B4,3))>=11,VALUE(RIGHT(B4,3))<=15),"Planning & Pilot", AND(VALUE(RIGHT(B4,3))>=21,VALUE(RIGHT(B4,3))<=24),"Planning & Pilot", AND(VALUE(RIGHT(B4,3))>=27,VALUE(RIGHT(B4,3))<=30),"Planning & Pilot", AND(VALUE(RIGHT(B4,3))>=33,VALUE(RIGHT(B4,3))<=35),"Planning & Pilot", AND(VALUE(RIGHT(B4,3))>=39,VALUE(RIGHT(B4,3))<=42),"Planning & Pilot", AND(VALUE(RIGHT(B4,3))>=6,VALUE(RIGHT(B4,3))<=10),"Rollout & Adoption", AND(VALUE(RIGHT(B4,3))>=16,VALUE(RIGHT(B4,3))<=20),"Rollout & Adoption", AND(VALUE(RIGHT(B4,3))>=25,VALUE(RIGHT(B4,3))<=26),"Rollout & Adoption", AND(VALUE(RIGHT(B4,3))>=31,VALUE(RIGHT(B4,3))<=32),"Rollout & Adoption", AND(VALUE(RIGHT(B4,3))>=36,VALUE(RIGHT(B4,3))<=38),"Rollout & Adoption", VALUE(RIGHT(B4,3))=43,"Rollout & Adoption", VALUE(RIGHT(B4,3))=44,"Stabilization & Reporting" ) -> Planning & Pilot | E4: =IFERROR(VLOOKUP(B4,Rules!A:F,2,FALSE),"") -> IT Security Team | F4: =IFERROR(VLOOKUP(B4,Rules!A:F,3,FALSE),"") -> High | G4: 46174 | H4: =IFERROR(VLOOKUP(B4,Rules!A:F,6,FALSE),"") | I4: Review | J4: =IFERROR(VLOOKUP(B4,Rules!A:F,5,FALSE),"") -> Medium | L4: {=IF( I4="Done", G4, IF( G4<TODAY(), TODAY()+ SWITCH( I4, "To Do", XLOOKUP(D4, Timeline!A:A, Timeline!D:D), "In Progress", XLOOKUP(D4, Timeline!A:A, Timeline!E:E), "Review", XLOOKUP(D4, Timeline!A:A, Timeline!F:F), "Blocked", XLOOKUP(D4, Timeline!A:A, Timeline!G:G), 7 ), G4 ) )} -> 46174
A5: =IFS( VALUE(RIGHT(B5,3))<=10,"Identity Security & MFA Enablement", VALUE(RIGHT(B5,3))<=20,"Security Awareness & Human Risk Reduction", VALUE(RIGHT(B5,3))<=26,"Policy Compliance & Governance", VALUE(RIGHT(B5,3))<=32,"Incident Intake & Escalation Modernization", VALUE(RIGHT(B5,3))<=38,"Stakeholder Engagement & Change Management", VALUE(RIGHT(B5,3))<=44,"Program Reporting & Delivery Governance" ) -> Identity Security & MFA Enablement | B5: ="SEC-"&TEXT(ROW()-1,"000") -> SEC-004 | C5: =SWITCH( VALUE(RIGHT(B5,3)), 1,"Identify MFA pilot user group", 2,"Validate SSO compatibility", 3,"Define MFA exception process", 4,"Draft employee MFA communications", 5,"Configure MFA pilot environment", 6,"Launch MFA pilot deployment", 7,"Resolve pilot user issues", 8,"Evaluate pilot adoption metrics", 9,"Prepare phased enterprise rollout", 10,"Launch organization-wide MFA deployment", 11,"Assess existing security training content", 12,"Select phishing-awareness training modules", 13,"Configure LMS training content", 14,"Design phishing simulation campaign", 15,"Pilot phishing-awareness training", 16,"Launch mandatory employee training", 17,"Monitor completion rates by department", 18,"Send training reminder communications", 19,"Evaluate phishing simulation results", 20,"Recommend targeted retraining groups", 21,"Review existing cybersecurity policies", 22,"Update acceptable-use policy", 23,"Revise password and credential standards", 24,"Configure employee acknowledgment workflow", 25,"Launch policy attestation campaign", 26,"Monitor policy completion compliance", 27,"Document current incident reporting workflow", 28,"Identify reporting bottlenecks", 29,"Design revised escalation process", 30,"Develop incident reporting templates", 31,"Train managers on escalation procedures", 32,"Launch updated reporting process", 33,"Identify stakeholder groups", 34,"Develop communication strategy", 35,"Draft executive kickoff briefing", 36,"Publish employee FAQ document", 37,"Conduct biweekly stakeholder reviews", 38,"Coordinate adoption feedback sessions", 39,"Establish weekly reporting cadence", 40,"Build RAID log template", 41,"Create executive status report template", 42,"Establish milestone tracking framework", 43,"Conduct weekly program status review", 44,"Compile monthly executive updates" ) -> Draft employee MFA communications | D5: =IFS( VALUE(RIGHT(B5,3))<=5,"Planning & Pilot", AND(VALUE(RIGHT(B5,3))>=11,VALUE(RIGHT(B5,3))<=15),"Planning & Pilot", AND(VALUE(RIGHT(B5,3))>=21,VALUE(RIGHT(B5,3))<=24),"Planning & Pilot", AND(VALUE(RIGHT(B5,3))>=27,VALUE(RIGHT(B5,3))<=30),"Planning & Pilot", AND(VALUE(RIGHT(B5,3))>=33,VALUE(RIGHT(B5,3))<=35),"Planning & Pilot", AND(VALUE(RIGHT(B5,3))>=39,VALUE(RIGHT(B5,3))<=42),"Planning & Pilot", AND(VALUE(RIGHT(B5,3))>=6,VALUE(RIGHT(B5,3))<=10),"Rollout & Adoption", AND(VALUE(RIGHT(B5,3))>=16,VALUE(RIGHT(B5,3))<=20),"Rollout & Adoption", AND(VALUE(RIGHT(B5,3))>=25,VALUE(RIGHT(B5,3))<=26),"Rollout & Adoption", AND(VALUE(RIGHT(B5,3))>=31,VALUE(RIGHT(B5,3))<=32),"Rollout & Adoption", AND(VALUE(RIGHT(B5,3))>=36,VALUE(RIGHT(B5,3))<=38),"Rollout & Adoption", VALUE(RIGHT(B5,3))=43,"Rollout & Adoption", VALUE(RIGHT(B5,3))=44,"Stabilization & Reporting" ) -> Planning & Pilot | E5: =IFERROR(VLOOKUP(B5,Rules!A:F,2,FALSE),"") -> PMO / Governance Support | F5: =IFERROR(VLOOKUP(B5,Rules!A:F,3,FALSE),"") -> High | G5: 46180 | H5: =IFERROR(VLOOKUP(B5,Rules!A:F,6,FALSE),"") | I5: =IFERROR(VLOOKUP(B5,Rules!A:F,4,FALSE),"") -> In Progress | J5: =IFERROR(VLOOKUP(B5,Rules!A:F,5,FALSE),"") -> Medium | L5: {=IF( I5="Done", G5, IF( G5<TODAY(), TODAY()+ SWITCH( I5, "To Do", XLOOKUP(D5, Timeline!A:A, Timeline!D:D), "In Progress", XLOOKUP(D5, Timeline!A:A, Timeline!E:E), "Review", XLOOKUP(D5, Timeline!A:A, Timeline!F:F), "Blocked", XLOOKUP(D5, Timeline!A:A, Timeline!G:G), 7 ), G5 ) )} -> 46180
A6: =IFS( VALUE(RIGHT(B6,3))<=10,"Identity Security & MFA Enablement", VALUE(RIGHT(B6,3))<=20,"Security Awareness & Human Risk Reduction", VALUE(RIGHT(B6,3))<=26,"Policy Compliance & Governance", VALUE(RIGHT(B6,3))<=32,"Incident Intake & Escalation Modernization", VALUE(RIGHT(B6,3))<=38,"Stakeholder Engagement & Change Management", VALUE(RIGHT(B6,3))<=44,"Program Reporting & Delivery Governance" ) -> Identity Security & MFA Enablement | B6: ="SEC-"&TEXT(ROW()-1,"000") -> SEC-005 | C6: =SWITCH( VALUE(RIGHT(B6,3)), 1,"Identify MFA pilot user group", 2,"Validate SSO compatibility", 3,"Define MFA exception process", 4,"Draft employee MFA communications", 5,"Configure MFA pilot environment", 6,"Launch MFA pilot deployment", 7,"Resolve pilot user issues", 8,"Evaluate pilot adoption metrics", 9,"Prepare phased enterprise rollout", 10,"Launch organization-wide MFA deployment", 11,"Assess existing security training content", 12,"Select phishing-awareness training modules", 13,"Configure LMS training content", 14,"Design phishing simulation campaign", 15,"Pilot phishing-awareness training", 16,"Launch mandatory employee training", 17,"Monitor completion rates by department", 18,"Send training reminder communications", 19,"Evaluate phishing simulation results", 20,"Recommend targeted retraining groups", 21,"Review existing cybersecurity policies", 22,"Update acceptable-use policy", 23,"Revise password and credential standards", 24,"Configure employee acknowledgment workflow", 25,"Launch policy attestation campaign", 26,"Monitor policy completion compliance", 27,"Document current incident reporting workflow", 28,"Identify reporting bottlenecks", 29,"Design revised escalation process", 30,"Develop incident reporting templates", 31,"Train managers on escalation procedures", 32,"Launch updated reporting process", 33,"Identify stakeholder groups", 34,"Develop communication strategy", 35,"Draft executive kickoff briefing", 36,"Publish employee FAQ document", 37,"Conduct biweekly stakeholder reviews", 38,"Coordinate adoption feedback sessions", 39,"Establish weekly reporting cadence", 40,"Build RAID log template", 41,"Create executive status report template", 42,"Establish milestone tracking framework", 43,"Conduct weekly program status review", 44,"Compile monthly executive updates" ) -> Configure MFA pilot environment | D6: =IFS( VALUE(RIGHT(B6,3))<=5,"Planning & Pilot", AND(VALUE(RIGHT(B6,3))>=11,VALUE(RIGHT(B6,3))<=15),"Planning & Pilot", AND(VALUE(RIGHT(B6,3))>=21,VALUE(RIGHT(B6,3))<=24),"Planning & Pilot", AND(VALUE(RIGHT(B6,3))>=27,VALUE(RIGHT(B6,3))<=30),"Planning & Pilot", AND(VALUE(RIGHT(B6,3))>=33,VALUE(RIGHT(B6,3))<=35),"Planning & Pilot", AND(VALUE(RIGHT(B6,3))>=39,VALUE(RIGHT(B6,3))<=42),"Planning & Pilot", AND(VALUE(RIGHT(B6,3))>=6,VALUE(RIGHT(B6,3))<=10),"Rollout & Adoption", AND(VALUE(RIGHT(B6,3))>=16,VALUE(RIGHT(B6,3))<=20),"Rollout & Adoption", AND(VALUE(RIGHT(B6,3))>=25,VALUE(RIGHT(B6,3))<=26),"Rollout & Adoption", AND(VALUE(RIGHT(B6,3))>=31,VALUE(RIGHT(B6,3))<=32),"Rollout & Adoption", AND(VALUE(RIGHT(B6,3))>=36,VALUE(RIGHT(B6,3))<=38),"Rollout & Adoption", VALUE(RIGHT(B6,3))=43,"Rollout & Adoption", VALUE(RIGHT(B6,3))=44,"Stabilization & Reporting" ) -> Planning & Pilot | E6: =IFERROR(VLOOKUP(B6,Rules!A:F,2,FALSE),"") -> IT Security Team | F6: =IFERROR(VLOOKUP(B6,Rules!A:F,3,FALSE),"") -> High | G6: 46184 | H6: =IFERROR(VLOOKUP(B6,Rules!A:F,6,FALSE),"") | I6: In Progress | J6: =IFERROR(VLOOKUP(B6,Rules!A:F,5,FALSE),"") -> Medium | K6: Pilot deployment delayed pending SSO validation | L6: {=IF( I6="Done", G6, IF( G6<TODAY(), TODAY()+ SWITCH( I6, "To Do", XLOOKUP(D6, Timeline!A:A, Timeline!D:D), "In Progress", XLOOKUP(D6, Timeline!A:A, Timeline!E:E), "Review", XLOOKUP(D6, Timeline!A:A, Timeline!F:F), "Blocked", XLOOKUP(D6, Timeline!A:A, Timeline!G:G), 7 ), G6 ) )} -> 46184
A7: =IFS( VALUE(RIGHT(B7,3))<=10,"Identity Security & MFA Enablement", VALUE(RIGHT(B7,3))<=20,"Security Awareness & Human Risk Reduction", VALUE(RIGHT(B7,3))<=26,"Policy Compliance & Governance", VALUE(RIGHT(B7,3))<=32,"Incident Intake & Escalation Modernization", VALUE(RIGHT(B7,3))<=38,"Stakeholder Engagement & Change Management", VALUE(RIGHT(B7,3))<=44,"Program Reporting & Delivery Governance" ) -> Identity Security & MFA Enablement | B7: ="SEC-"&TEXT(ROW()-1,"000") -> SEC-006 | C7: =SWITCH( VALUE(RIGHT(B7,3)), 1,"Identify MFA pilot user group", 2,"Validate SSO compatibility", 3,"Define MFA exception process", 4,"Draft employee MFA communications", 5,"Configure MFA pilot environment", 6,"Launch MFA pilot deployment", 7,"Resolve pilot user issues", 8,"Evaluate pilot adoption metrics", 9,"Prepare phased enterprise rollout", 10,"Launch organization-wide MFA deployment", 11,"Assess existing security training content", 12,"Select phishing-awareness training modules", 13,"Configure LMS training content", 14,"Design phishing simulation campaign", 15,"Pilot phishing-awareness training", 16,"Launch mandatory employee training", 17,"Monitor completion rates by department", 18,"Send training reminder communications", 19,"Evaluate phishing simulation results", 20,"Recommend targeted retraining groups", 21,"Review existing cybersecurity policies", 22,"Update acceptable-use policy", 23,"Revise password and credential standards", 24,"Configure employee acknowledgment workflow", 25,"Launch policy attestation campaign", 26,"Monitor policy completion compliance", 27,"Document current incident reporting workflow", 28,"Identify reporting bottlenecks", 29,"Design revised escalation process", 30,"Develop incident reporting templates", 31,"Train managers on escalation procedures", 32,"Launch updated reporting process", 33,"Identify stakeholder groups", 34,"Develop communication strategy", 35,"Draft executive kickoff briefing", 36,"Publish employee FAQ document", 37,"Conduct biweekly stakeholder reviews", 38,"Coordinate adoption feedback sessions", 39,"Establish weekly reporting cadence", 40,"Build RAID log template", 41,"Create executive status report template", 42,"Establish milestone tracking framework", 43,"Conduct weekly program status review", 44,"Compile monthly executive updates" ) -> Launch MFA pilot deployment | D7: =IFS( VALUE(RIGHT(B7,3))<=5,"Planning & Pilot", AND(VALUE(RIGHT(B7,3))>=11,VALUE(RIGHT(B7,3))<=15),"Planning & Pilot", AND(VALUE(RIGHT(B7,3))>=21,VALUE(RIGHT(B7,3))<=24),"Planning & Pilot", AND(VALUE(RIGHT(B7,3))>=27,VALUE(RIGHT(B7,3))<=30),"Planning & Pilot", AND(VALUE(RIGHT(B7,3))>=33,VALUE(RIGHT(B7,3))<=35),"Planning & Pilot", AND(VALUE(RIGHT(B7,3))>=39,VALUE(RIGHT(B7,3))<=42),"Planning & Pilot", AND(VALUE(RIGHT(B7,3))>=6,VALUE(RIGHT(B7,3))<=10),"Rollout & Adoption", AND(VALUE(RIGHT(B7,3))>=16,VALUE(RIGHT(B7,3))<=20),"Rollout & Adoption", AND(VALUE(RIGHT(B7,3))>=25,VALUE(RIGHT(B7,3))<=26),"Rollout & Adoption", AND(VALUE(RIGHT(B7,3))>=31,VALUE(RIGHT(B7,3))<=32),"Rollout & Adoption", AND(VALUE(RIGHT(B7,3))>=36,VALUE(RIGHT(B7,3))<=38),"Rollout & Adoption", VALUE(RIGHT(B7,3))=43,"Rollout & Adoption", VALUE(RIGHT(B7,3))=44,"Stabilization & Reporting" ) -> Rollout & Adoption | E7: =IFERROR(VLOOKUP(B7,Rules!A:F,2,FALSE),"") -> IT Security Team | F7: =IFERROR(VLOOKUP(B7,Rules!A:F,3,FALSE),"") -> High | G7: 46209 | H7: =IFERROR(VLOOKUP(B7,Rules!A:F,6,FALSE),"") -> SEC-002, SEC-005 | I7: =IFERROR(VLOOKUP(B7,Rules!A:F,4,FALSE),"") -> Blocked | J7: =IFERROR(VLOOKUP(B7,Rules!A:F,5,FALSE),"") -> High | L7: {=IF( I7="Done", G7, IF( G7<TODAY(), TODAY()+ SWITCH( I7, "To Do", XLOOKUP(D7, Timeline!A:A, Timeline!D:D), "In Progress", XLOOKUP(D7, Timeline!A:A, Timeline!E:E), "Review", XLOOKUP(D7, Timeline!A:A, Timeline!F:F), "Blocked", XLOOKUP(D7, Timeline!A:A, Timeline!G:G), 7 ), G7 ) )} -> 46209
A8: =IFS( VALUE(RIGHT(B8,3))<=10,"Identity Security & MFA Enablement", VALUE(RIGHT(B8,3))<=20,"Security Awareness & Human Risk Reduction", VALUE(RIGHT(B8,3))<=26,"Policy Compliance & Governance", VALUE(RIGHT(B8,3))<=32,"Incident Intake & Escalation Modernization", VALUE(RIGHT(B8,3))<=38,"Stakeholder Engagement & Change Management", VALUE(RIGHT(B8,3))<=44,"Program Reporting & Delivery Governance" ) -> Identity Security & MFA Enablement | B8: ="SEC-"&TEXT(ROW()-1,"000") -> SEC-007 | C8: =SWITCH( VALUE(RIGHT(B8,3)), 1,"Identify MFA pilot user group", 2,"Validate SSO compatibility", 3,"Define MFA exception process", 4,"Draft employee MFA communications", 5,"Configure MFA pilot environment", 6,"Launch MFA pilot deployment", 7,"Resolve pilot user issues", 8,"Evaluate pilot adoption metrics", 9,"Prepare phased enterprise rollout", 10,"Launch organization-wide MFA deployment", 11,"Assess existing security training content", 12,"Select phishing-awareness training modules", 13,"Configure LMS training content", 14,"Design phishing simulation campaign", 15,"Pilot phishing-awareness training", 16,"Launch mandatory employee training", 17,"Monitor completion rates by department", 18,"Send training reminder communications", 19,"Evaluate phishing simulation results", 20,"Recommend targeted retraining groups", 21,"Review existing cybersecurity policies", 22,"Update acceptable-use policy", 23,"Revise password and credential standards", 24,"Configure employee acknowledgment workflow", 25,"Launch policy attestation campaign", 26,"Monitor policy completion compliance", 27,"Document current incident reporting workflow", 28,"Identify reporting bottlenecks", 29,"Design revised escalation process", 30,"Develop incident reporting templates", 31,"Train managers on escalation procedures", 32,"Launch updated reporting process", 33,"Identify stakeholder groups", 34,"Develop communication strategy", 35,"Draft executive kickoff briefing", 36,"Publish employee FAQ document", 37,"Conduct biweekly stakeholder reviews", 38,"Coordinate adoption feedback sessions", 39,"Establish weekly reporting cadence", 40,"Build RAID log template", 41,"Create executive status report template", 42,"Establish milestone tracking framework", 43,"Conduct weekly program status review", 44,"Compile monthly executive updates" ) -> Resolve pilot user issues | D8: =IFS( VALUE(RIGHT(B8,3))<=5,"Planning & Pilot", AND(VALUE(RIGHT(B8,3))>=11,VALUE(RIGHT(B8,3))<=15),"Planning & Pilot", AND(VALUE(RIGHT(B8,3))>=21,VALUE(RIGHT(B8,3))<=24),"Planning & Pilot", AND(VALUE(RIGHT(B8,3))>=27,VALUE(RIGHT(B8,3))<=30),"Planning & Pilot", AND(VALUE(RIGHT(B8,3))>=33,VALUE(RIGHT(B8,3))<=35),"Planning & Pilot", AND(VALUE(RIGHT(B8,3))>=39,VALUE(RIGHT(B8,3))<=42),"Planning & Pilot", AND(VALUE(RIGHT(B8,3))>=6,VALUE(RIGHT(B8,3))<=10),"Rollout & Adoption", AND(VALUE(RIGHT(B8,3))>=16,VALUE(RIGHT(B8,3))<=20),"Rollout & Adoption", AND(VALUE(RIGHT(B8,3))>=25,VALUE(RIGHT(B8,3))<=26),"Rollout & Adoption", AND(VALUE(RIGHT(B8,3))>=31,VALUE(RIGHT(B8,3))<=32),"Rollout & Adoption", AND(VALUE(RIGHT(B8,3))>=36,VALUE(RIGHT(B8,3))<=38),"Rollout & Adoption", VALUE(RIGHT(B8,3))=43,"Rollout & Adoption", VALUE(RIGHT(B8,3))=44,"Stabilization & Reporting" ) -> Rollout & Adoption | E8: =IFERROR(VLOOKUP(B8,Rules!A:F,2,FALSE),"") -> Help Desk Lead | F8: =IFERROR(VLOOKUP(B8,Rules!A:F,3,FALSE),"") -> High | G8: 46269 | H8: =IFERROR(VLOOKUP(B8,Rules!A:F,6,FALSE),"") -> SEC-006 | I8: =IFERROR(VLOOKUP(B8,Rules!A:F,4,FALSE),"") -> To Do | J8: =IFERROR(VLOOKUP(B8,Rules!A:F,5,FALSE),"") -> Medium | L8: {=IF( I8="Done", G8, IF( G8<TODAY(), TODAY()+ SWITCH( I8, "To Do", XLOOKUP(D8, Timeline!A:A, Timeline!D:D), "In Progress", XLOOKUP(D8, Timeline!A:A, Timeline!E:E), "Review", XLOOKUP(D8, Timeline!A:A, Timeline!F:F), "Blocked", XLOOKUP(D8, Timeline!A:A, Timeline!G:G), 7 ), G8 ) )} -> 46269
A9: =IFS( VALUE(RIGHT(B9,3))<=10,"Identity Security & MFA Enablement", VALUE(RIGHT(B9,3))<=20,"Security Awareness & Human Risk Reduction", VALUE(RIGHT(B9,3))<=26,"Policy Compliance & Governance", VALUE(RIGHT(B9,3))<=32,"Incident Intake & Escalation Modernization", VALUE(RIGHT(B9,3))<=38,"Stakeholder Engagement & Change Management", VALUE(RIGHT(B9,3))<=44,"Program Reporting & Delivery Governance" ) -> Identity Security & MFA Enablement | B9: ="SEC-"&TEXT(ROW()-1,"000") -> SEC-008 | C9: =SWITCH( VALUE(RIGHT(B9,3)), 1,"Identify MFA pilot user group", 2,"Validate SSO compatibility", 3,"Define MFA exception process", 4,"Draft employee MFA communications", 5,"Configure MFA pilot environment", 6,"Launch MFA pilot deployment", 7,"Resolve pilot user issues", 8,"Evaluate pilot adoption metrics", 9,"Prepare phased enterprise rollout", 10,"Launch organization-wide MFA deployment", 11,"Assess existing security training content", 12,"Select phishing-awareness training modules", 13,"Configure LMS training content", 14,"Design phishing simulation campaign", 15,"Pilot phishing-awareness training", 16,"Launch mandatory employee training", 17,"Monitor completion rates by department", 18,"Send training reminder communications", 19,"Evaluate phishing simulation results", 20,"Recommend targeted retraining groups", 21,"Review existing cybersecurity policies", 22,"Update acceptable-use policy", 23,"Revise password and credential standards", 24,"Configure employee acknowledgment workflow", 25,"Launch policy attestation campaign", 26,"Monitor policy completion compliance", 27,"Document current incident reporting workflow", 28,"Identify reporting bottlenecks", 29,"Design revised escalation process", 30,"Develop incident reporting templates", 31,"Train managers on escalation procedures", 32,"Launch updated reporting process", 33,"Identify stakeholder groups", 34,"Develop communication strategy", 35,"Draft executive kickoff briefing", 36,"Publish employee FAQ document", 37,"Conduct biweekly stakeholder reviews", 38,"Coordinate adoption feedback sessions", 39,"Establish weekly reporting cadence", 40,"Build RAID log template", 41,"Create executive status report template", 42,"Establish milestone tracking framework", 43,"Conduct weekly program status review", 44,"Compile monthly executive updates" ) -> Evaluate pilot adoption metrics | D9: =IFS( VALUE(RIGHT(B9,3))<=5,"Planning & Pilot", AND(VALUE(RIGHT(B9,3))>=11,VALUE(RIGHT(B9,3))<=15),"Planning & Pilot", AND(VALUE(RIGHT(B9,3))>=21,VALUE(RIGHT(B9,3))<=24),"Planning & Pilot", AND(VALUE(RIGHT(B9,3))>=27,VALUE(RIGHT(B9,3))<=30),"Planning & Pilot", AND(VALUE(RIGHT(B9,3))>=33,VALUE(RIGHT(B9,3))<=35),"Planning & Pilot", AND(VALUE(RIGHT(B9,3))>=39,VALUE(RIGHT(B9,3))<=42),"Planning & Pilot", AND(VALUE(RIGHT(B9,3))>=6,VALUE(RIGHT(B9,3))<=10),"Rollout & Adoption", AND(VALUE(RIGHT(B9,3))>=16,VALUE(RIGHT(B9,3))<=20),"Rollout & Adoption", AND(VALUE(RIGHT(B9,3))>=25,VALUE(RIGHT(B9,3))<=26),"Rollout & Adoption", AND(VALUE(RIGHT(B9,3))>=31,VALUE(RIGHT(B9,3))<=32),"Rollout & Adoption", AND(VALUE(RIGHT(B9,3))>=36,VALUE(RIGHT(B9,3))<=38),"Rollout & Adoption", VALUE(RIGHT(B9,3))=43,"Rollout & Adoption", VALUE(RIGHT(B9,3))=44,"Stabilization & Reporting" ) -> Rollout & Adoption | E9: =IFERROR(VLOOKUP(B9,Rules!A:F,2,FALSE),"") -> Security Transformation Lead | F9: =IFERROR(VLOOKUP(B9,Rules!A:F,3,FALSE),"") -> High | G9: 46213 | H9: =IFERROR(VLOOKUP(B9,Rules!A:F,6,FALSE),"") -> SEC-006 | I9: =IFERROR(VLOOKUP(B9,Rules!A:F,4,FALSE),"") -> To Do | J9: =IFERROR(VLOOKUP(B9,Rules!A:F,5,FALSE),"") -> Medium | L9: {=IF( I9="Done", G9, IF( G9<TODAY(), TODAY()+ SWITCH( I9, "To Do", XLOOKUP(D9, Timeline!A:A, Timeline!D:D), "In Progress", XLOOKUP(D9, Timeline!A:A, Timeline!E:E), "Review", XLOOKUP(D9, Timeline!A:A, Timeline!F:F), "Blocked", XLOOKUP(D9, Timeline!A:A, Timeline!G:G), 7 ), G9 ) )} -> 46213
A10: =IFS( VALUE(RIGHT(B10,3))<=10,"Identity Security & MFA Enablement", VALUE(RIGHT(B10,3))<=20,"Security Awareness & Human Risk Reduction", VALUE(RIGHT(B10,3))<=26,"Policy Compliance & Governance", VALUE(RIGHT(B10,3))<=32,"Incident Intake & Escalation Modernization", VALUE(RIGHT(B10,3))<=38,"Stakeholder Engagement & Change Management", VALUE(RIGHT(B10,3))<=44,"Program Reporting & Delivery Governance" ) -> Identity Security & MFA Enablement | B10: ="SEC-"&TEXT(ROW()-1,"000") -> SEC-009 | C10: =SWITCH( VALUE(RIGHT(B10,3)), 1,"Identify MFA pilot user group", 2,"Validate SSO compatibility", 3,"Define MFA exception process", 4,"Draft employee MFA communications", 5,"Configure MFA pilot environment", 6,"Launch MFA pilot deployment", 7,"Resolve pilot user issues", 8,"Evaluate pilot adoption metrics", 9,"Prepare phased enterprise rollout", 10,"Launch organization-wide MFA deployment", 11,"Assess existing security training content", 12,"Select phishing-awareness training modules", 13,"Configure LMS training content", 14,"Design phishing simulation campaign", 15,"Pilot phishing-awareness training", 16,"Launch mandatory employee training", 17,"Monitor completion rates by department", 18,"Send training reminder communications", 19,"Evaluate phishing simulation results", 20,"Recommend targeted retraining groups", 21,"Review existing cybersecurity policies", 22,"Update acceptable-use policy", 23,"Revise password and credential standards", 24,"Configure employee acknowledgment workflow", 25,"Launch policy attestation campaign", 26,"Monitor policy completion compliance", 27,"Document current incident reporting workflow", 28,"Identify reporting bottlenecks", 29,"Design revised escalation process", 30,"Develop incident reporting templates", 31,"Train managers on escalation procedures", 32,"Launch updated reporting process", 33,"Identify stakeholder groups", 34,"Develop communication strategy", 35,"Draft executive kickoff briefing", 36,"Publish employee FAQ document", 37,"Conduct biweekly stakeholder reviews", 38,"Coordinate adoption feedback sessions", 39,"Establish weekly reporting cadence", 40,"Build RAID log template", 41,"Create executive status report template", 42,"Establish milestone tracking framework", 43,"Conduct weekly program status review", 44,"Compile monthly executive updates" ) -> Prepare phased enterprise rollout | D10: =IFS( VALUE(RIGHT(B10,3))<=5,"Planning & Pilot", AND(VALUE(RIGHT(B10,3))>=11,VALUE(RIGHT(B10,3))<=15),"Planning & Pilot", AND(VALUE(RIGHT(B10,3))>=21,VALUE(RIGHT(B10,3))<=24),"Planning & Pilot", AND(VALUE(RIGHT(B10,3))>=27,VALUE(RIGHT(B10,3))<=30),"Planning & Pilot", AND(VALUE(RIGHT(B10,3))>=33,VALUE(RIGHT(B10,3))<=35),"Planning & Pilot", AND(VALUE(RIGHT(B10,3))>=39,VALUE(RIGHT(B10,3))<=42),"Planning & Pilot", AND(VALUE(RIGHT(B10,3))>=6,VALUE(RIGHT(B10,3))<=10),"Rollout & Adoption", AND(VALUE(RIGHT(B10,3))>=16,VALUE(RIGHT(B10,3))<=20),"Rollout & Adoption", AND(VALUE(RIGHT(B10,3))>=25,VALUE(RIGHT(B10,3))<=26),"Rollout & Adoption", AND(VALUE(RIGHT(B10,3))>=31,VALUE(RIGHT(B10,3))<=32),"Rollout & Adoption", AND(VALUE(RIGHT(B10,3))>=36,VALUE(RIGHT(B10,3))<=38),"Rollout & Adoption", VALUE(RIGHT(B10,3))=43,"Rollout & Adoption", VALUE(RIGHT(B10,3))=44,"Stabilization & Reporting" ) -> Rollout & Adoption | E10: =IFERROR(VLOOKUP(B10,Rules!A:F,2,FALSE),"") -> Security Transformation Lead | F10: =IFERROR(VLOOKUP(B10,Rules!A:F,3,FALSE),"") -> High | G10: 46257 | H10: =IFERROR(VLOOKUP(B10,Rules!A:F,6,FALSE),"") -> SEC-008 | I10: =IFERROR(VLOOKUP(B10,Rules!A:F,4,FALSE),"") -> To Do | J10: =IFERROR(VLOOKUP(B10,Rules!A:F,5,FALSE),"") -> Medium | L10: {=IF( I10="Done", G10, IF( G10<TODAY(), TODAY()+ SWITCH( I10, "To Do", XLOOKUP(D10, Timeline!A:A, Timeline!D:D), "In Progress", XLOOKUP(D10, Timeline!A:A, Timeline!E:E), "Review", XLOOKUP(D10, Timeline!A:A, Timeline!F:F), "Blocked", XLOOKUP(D10, Timeline!A:A, Timeline!G:G), 7 ), G10 ) )} -> 46257
A11: =IFS( VALUE(RIGHT(B11,3))<=10,"Identity Security & MFA Enablement", VALUE(RIGHT(B11,3))<=20,"Security Awareness & Human Risk Reduction", VALUE(RIGHT(B11,3))<=26,"Policy Compliance & Governance", VALUE(RIGHT(B11,3))<=32,"Incident Intake & Escalation Modernization", VALUE(RIGHT(B11,3))<=38,"Stakeholder Engagement & Change Management", VALUE(RIGHT(B11,3))<=44,"Program Reporting & Delivery Governance" ) -> Identity Security & MFA Enablement | B11: ="SEC-"&TEXT(ROW()-1,"000") -> SEC-010 | C11: =SWITCH( VALUE(RIGHT(B11,3)), 1,"Identify MFA pilot user group", 2,"Validate SSO compatibility", 3,"Define MFA exception process", 4,"Draft employee MFA communications", 5,"Configure MFA pilot environment", 6,"Launch MFA pilot deployment", 7,"Resolve pilot user issues", 8,"Evaluate pilot adoption metrics", 9,"Prepare phased enterprise rollout", 10,"Launch organization-wide MFA deployment", 11,"Assess existing security training content", 12,"Select phishing-awareness training modules", 13,"Configure LMS training content", 14,"Design phishing simulation campaign", 15,"Pilot phishing-awareness training", 16,"Launch mandatory employee training", 17,"Monitor completion rates by department", 18,"Send training reminder communications", 19,"Evaluate phishing simulation results", 20,"Recommend targeted retraining groups", 21,"Review existing cybersecurity policies", 22,"Update acceptable-use policy", 23,"Revise password and credential standards", 24,"Configure employee acknowledgment workflow", 25,"Launch policy attestation campaign", 26,"Monitor policy completion compliance", 27,"Document current incident reporting workflow", 28,"Identify reporting bottlenecks", 29,"Design revised escalation process", 30,"Develop incident reporting templates", 31,"Train managers on escalation procedures", 32,"Launch updated reporting process", 33,"Identify stakeholder groups", 34,"Develop communication strategy", 35,"Draft executive kickoff briefing", 36,"Publish employee FAQ document", 37,"Conduct biweekly stakeholder reviews", 38,"Coordinate adoption feedback sessions", 39,"Establish weekly reporting cadence", 40,"Build RAID log template", 41,"Create executive status report template", 42,"Establish milestone tracking framework", 43,"Conduct weekly program status review", 44,"Compile monthly executive updates" ) -> Launch organization-wide MFA deployment | D11: =IFS( VALUE(RIGHT(B11,3))<=5,"Planning & Pilot", AND(VALUE(RIGHT(B11,3))>=11,VALUE(RIGHT(B11,3))<=15),"Planning & Pilot", AND(VALUE(RIGHT(B11,3))>=21,VALUE(RIGHT(B11,3))<=24),"Planning & Pilot", AND(VALUE(RIGHT(B11,3))>=27,VALUE(RIGHT(B11,3))<=30),"Planning & Pilot", AND(VALUE(RIGHT(B11,3))>=33,VALUE(RIGHT(B11,3))<=35),"Planning & Pilot", AND(VALUE(RIGHT(B11,3))>=39,VALUE(RIGHT(B11,3))<=42),"Planning & Pilot", AND(VALUE(RIGHT(B11,3))>=6,VALUE(RIGHT(B11,3))<=10),"Rollout & Adoption", AND(VALUE(RIGHT(B11,3))>=16,VALUE(RIGHT(B11,3))<=20),"Rollout & Adoption", AND(VALUE(RIGHT(B11,3))>=25,VALUE(RIGHT(B11,3))<=26),"Rollout & Adoption", AND(VALUE(RIGHT(B11,3))>=31,VALUE(RIGHT(B11,3))<=32),"Rollout & Adoption", AND(VALUE(RIGHT(B11,3))>=36,VALUE(RIGHT(B11,3))<=38),"Rollout & Adoption", VALUE(RIGHT(B11,3))=43,"Rollout & Adoption", VALUE(RIGHT(B11,3))=44,"Stabilization & Reporting" ) -> Rollout & Adoption | E11: =IFERROR(VLOOKUP(B11,Rules!A:F,2,FALSE),"") -> Security Transformation Lead | F11: =IFERROR(VLOOKUP(B11,Rules!A:F,3,FALSE),"") -> High | G11: 46212 | H11: =IFERROR(VLOOKUP(B11,Rules!A:F,6,FALSE),"") -> SEC-008, SEC-009 | I11: =IFERROR(VLOOKUP(B11,Rules!A:F,4,FALSE),"") -> To Do | J11: =IFERROR(VLOOKUP(B11,Rules!A:F,5,FALSE),"") -> Medium | L11: {=IF( I11="Done", G11, IF( G11<TODAY(), TODAY()+ SWITCH( I11, "To Do", XLOOKUP(D11, Timeline!A:A, Timeline!D:D), "In Progress", XLOOKUP(D11, Timeline!A:A, Timeline!E:E), "Review", XLOOKUP(D11, Timeline!A:A, Timeline!F:F), "Blocked", XLOOKUP(D11, Timeline!A:A, Timeline!G:G), 7 ), G11 ) )} -> 46212
A12: =IFS( VALUE(RIGHT(B12,3))<=10,"Identity Security & MFA Enablement", VALUE(RIGHT(B12,3))<=20,"Security Awareness & Human Risk Reduction", VALUE(RIGHT(B12,3))<=26,"Policy Compliance & Governance", VALUE(RIGHT(B12,3))<=32,"Incident Intake & Escalation Modernization", VALUE(RIGHT(B12,3))<=38,"Stakeholder Engagement & Change Management", VALUE(RIGHT(B12,3))<=44,"Program Reporting & Delivery Governance" ) -> Security Awareness & Human Risk Reduction | B12: ="SEC-"&TEXT(ROW()-1,"000") -> SEC-011 | C12: =SWITCH( VALUE(RIGHT(B12,3)), 1,"Identify MFA pilot user group", 2,"Validate SSO compatibility", 3,"Define MFA exception process", 4,"Draft employee MFA communications", 5,"Configure MFA pilot environment", 6,"Launch MFA pilot deployment", 7,"Resolve pilot user issues", 8,"Evaluate pilot adoption metrics", 9,"Prepare phased enterprise rollout", 10,"Launch organization-wide MFA deployment", 11,"Assess existing security training content", 12,"Select phishing-awareness training modules", 13,"Configure LMS training content", 14,"Design phishing simulation campaign", 15,"Pilot phishing-awareness training", 16,"Launch mandatory employee training", 17,"Monitor completion rates by department", 18,"Send training reminder communications", 19,"Evaluate phishing simulation results", 20,"Recommend targeted retraining groups", 21,"Review existing cybersecurity policies", 22,"Update acceptable-use policy", 23,"Revise password and credential standards", 24,"Configure employee acknowledgment workflow", 25,"Launch policy attestation campaign", 26,"Monitor policy completion compliance", 27,"Document current incident reporting workflow", 28,"Identify reporting bottlenecks", 29,"Design revised escalation process", 30,"Develop incident reporting templates", 31,"Train managers on escalation procedures", 32,"Launch updated reporting process", 33,"Identify stakeholder groups", 34,"Develop communication strategy", 35,"Draft executive kickoff briefing", 36,"Publish employee FAQ document", 37,"Conduct biweekly stakeholder reviews", 38,"Coordinate adoption feedback sessions", 39,"Establish weekly reporting cadence", 40,"Build RAID log template", 41,"Create executive status report template", 42,"Establish milestone tracking framework", 43,"Conduct weekly program status review", 44,"Compile monthly executive updates" ) -> Assess existing security training content | D12: =IFS( VALUE(RIGHT(B12,3))<=5,"Planning & Pilot", AND(VALUE(RIGHT(B12,3))>=11,VALUE(RIGHT(B12,3))<=15),"Planning & Pilot", AND(VALUE(RIGHT(B12,3))>=21,VALUE(RIGHT(B12,3))<=24),"Planning & Pilot", AND(VALUE(RIGHT(B12,3))>=27,VALUE(RIGHT(B12,3))<=30),"Planning & Pilot", AND(VALUE(RIGHT(B12,3))>=33,VALUE(RIGHT(B12,3))<=35),"Planning & Pilot", AND(VALUE(RIGHT(B12,3))>=39,VALUE(RIGHT(B12,3))<=42),"Planning & Pilot", AND(VALUE(RIGHT(B12,3))>=6,VALUE(RIGHT(B12,3))<=10),"Rollout & Adoption", AND(VALUE(RIGHT(B12,3))>=16,VALUE(RIGHT(B12,3))<=20),"Rollout & Adoption", AND(VALUE(RIGHT(B12,3))>=25,VALUE(RIGHT(B12,3))<=26),"Rollout & Adoption", AND(VALUE(RIGHT(B12,3))>=31,VALUE(RIGHT(B12,3))<=32),"Rollout & Adoption", AND(VALUE(RIGHT(B12,3))>=36,VALUE(RIGHT(B12,3))<=38),"Rollout & Adoption", VALUE(RIGHT(B12,3))=43,"Rollout & Adoption", VALUE(RIGHT(B12,3))=44,"Stabilization & Reporting" ) -> Planning & Pilot | E12: =IFERROR(VLOOKUP(B12,Rules!A:F,2,FALSE),"") -> HR & Training Team | F12: =IFERROR(VLOOKUP(B12,Rules!A:F,3,FALSE),"") -> Medium | G12: 46184 | H12: =IFERROR(VLOOKUP(B12,Rules!A:F,6,FALSE),"") | I12: In Progress | J12: =IFERROR(VLOOKUP(B12,Rules!A:F,5,FALSE),"") -> Medium | L12: {=IF( I12="Done", G12, IF( G12<TODAY(), TODAY()+ SWITCH( I12, "To Do", XLOOKUP(D12, Timeline!A:A, Timeline!D:D), "In Progress", XLOOKUP(D12, Timeline!A:A, Timeline!E:E), "Review", XLOOKUP(D12, Timeline!A:A, Timeline!F:F), "Blocked", XLOOKUP(D12, Timeline!A:A, Timeline!G:G), 7 ), G12 ) )} -> 46184
A13: =IFS( VALUE(RIGHT(B13,3))<=10,"Identity Security & MFA Enablement", VALUE(RIGHT(B13,3))<=20,"Security Awareness & Human Risk Reduction", VALUE(RIGHT(B13,3))<=26,"Policy Compliance & Governance", VALUE(RIGHT(B13,3))<=32,"Incident Intake & Escalation Modernization", VALUE(RIGHT(B13,3))<=38,"Stakeholder Engagement & Change Management", VALUE(RIGHT(B13,3))<=44,"Program Reporting & Delivery Governance" ) -> Security Awareness & Human Risk Reduction | B13: ="SEC-"&TEXT(ROW()-1,"000") -> SEC-012 | C13: =SWITCH( VALUE(RIGHT(B13,3)), 1,"Identify MFA pilot user group", 2,"Validate SSO compatibility", 3,"Define MFA exception process", 4,"Draft employee MFA communications", 5,"Configure MFA pilot environment", 6,"Launch MFA pilot deployment", 7,"Resolve pilot user issues", 8,"Evaluate pilot adoption metrics", 9,"Prepare phased enterprise rollout", 10,"Launch organization-wide MFA deployment", 11,"Assess existing security training content", 12,"Select phishing-awareness training modules", 13,"Configure LMS training content", 14,"Design phishing simulation campaign", 15,"Pilot phishing-awareness training", 16,"Launch mandatory employee training", 17,"Monitor completion rates by department", 18,"Send training reminder communications", 19,"Evaluate phishing simulation results", 20,"Recommend targeted retraining groups", 21,"Review existing cybersecurity policies", 22,"Update acceptable-use policy", 23,"Revise password and credential standards", 24,"Configure employee acknowledgment workflow", 25,"Launch policy attestation campaign", 26,"Monitor policy completion compliance", 27,"Document current incident reporting workflow", 28,"Identify reporting bottlenecks", 29,"Design revised escalation process", 30,"Develop incident reporting templates", 31,"Train managers on escalation procedures", 32,"Launch updated reporting process", 33,"Identify stakeholder groups", 34,"Develop communication strategy", 35,"Draft executive kickoff briefing", 36,"Publish employee FAQ document", 37,"Conduct biweekly stakeholder reviews", 38,"Coordinate adoption feedback sessions", 39,"Establish weekly reporting cadence", 40,"Build RAID log template", 41,"Create executive status report template", 42,"Establish milestone tracking framework", 43,"Conduct weekly program status review", 44,"Compile monthly executive updates" ) -> Select phishing-awareness training modules | D13: =IFS( VALUE(RIGHT(B13,3))<=5,"Planning & Pilot", AND(VALUE(RIGHT(B13,3))>=11,VALUE(RIGHT(B13,3))<=15),"Planning & Pilot", AND(VALUE(RIGHT(B13,3))>=21,VALUE(RIGHT(B13,3))<=24),"Planning & Pilot", AND(VALUE(RIGHT(B13,3))>=27,VALUE(RIGHT(B13,3))<=30),"Planning & Pilot", AND(VALUE(RIGHT(B13,3))>=33,VALUE(RIGHT(B13,3))<=35),"Planning & Pilot", AND(VALUE(RIGHT(B13,3))>=39,VALUE(RIGHT(B13,3))<=42),"Planning & Pilot", AND(VALUE(RIGHT(B13,3))>=6,VALUE(RIGHT(B13,3))<=10),"Rollout & Adoption", AND(VALUE(RIGHT(B13,3))>=16,VALUE(RIGHT(B13,3))<=20),"Rollout & Adoption", AND(VALUE(RIGHT(B13,3))>=25,VALUE(RIGHT(B13,3))<=26),"Rollout & Adoption", AND(VALUE(RIGHT(B13,3))>=31,VALUE(RIGHT(B13,3))<=32),"Rollout & Adoption", AND(VALUE(RIGHT(B13,3))>=36,VALUE(RIGHT(B13,3))<=38),"Rollout & Adoption", VALUE(RIGHT(B13,3))=43,"Rollout & Adoption", VALUE(RIGHT(B13,3))=44,"Stabilization & Reporting" ) -> Planning & Pilot | E13: =IFERROR(VLOOKUP(B13,Rules!A:F,2,FALSE),"") -> HR & Training Team | F13: =IFERROR(VLOOKUP(B13,Rules!A:F,3,FALSE),"") -> Medium | G13: 46197 | H13: =IFERROR(VLOOKUP(B13,Rules!A:F,6,FALSE),"") | I13: =IFERROR(VLOOKUP(B13,Rules!A:F,4,FALSE),"") -> To Do | J13: =IFERROR(VLOOKUP(B13,Rules!A:F,5,FALSE),"") -> Medium | L13: {=IF( I13="Done", G13, IF( G13<TODAY(), TODAY()+ SWITCH( I13, "To Do", XLOOKUP(D13, Timeline!A:A, Timeline!D:D), "In Progress", XLOOKUP(D13, Timeline!A:A, Timeline!E:E), "Review", XLOOKUP(D13, Timeline!A:A, Timeline!F:F), "Blocked", XLOOKUP(D13, Timeline!A:A, Timeline!G:G), 7 ), G13 ) )} -> 46197
A14: =IFS( VALUE(RIGHT(B14,3))<=10,"Identity Security & MFA Enablement", VALUE(RIGHT(B14,3))<=20,"Security Awareness & Human Risk Reduction", VALUE(RIGHT(B14,3))<=26,"Policy Compliance & Governance", VALUE(RIGHT(B14,3))<=32,"Incident Intake & Escalation Modernization", VALUE(RIGHT(B14,3))<=38,"Stakeholder Engagement & Change Management", VALUE(RIGHT(B14,3))<=44,"Program Reporting & Delivery Governance" ) -> Security Awareness & Human Risk Reduction | B14: ="SEC-"&TEXT(ROW()-1,"000") -> SEC-013 | C14: =SWITCH( VALUE(RIGHT(B14,3)), 1,"Identify MFA pilot user group", 2,"Validate SSO compatibility", 3,"Define MFA exception process", 4,"Draft employee MFA communications", 5,"Configure MFA pilot environment", 6,"Launch MFA pilot deployment", 7,"Resolve pilot user issues", 8,"Evaluate pilot adoption metrics", 9,"Prepare phased enterprise rollout", 10,"Launch organization-wide MFA deployment", 11,"Assess existing security training content", 12,"Select phishing-awareness training modules", 13,"Configure LMS training content", 14,"Design phishing simulation campaign", 15,"Pilot phishing-awareness training", 16,"Launch mandatory employee training", 17,"Monitor completion rates by department", 18,"Send training reminder communications", 19,"Evaluate phishing simulation results", 20,"Recommend targeted retraining groups", 21,"Review existing cybersecurity policies", 22,"Update acceptable-use policy", 23,"Revise password and credential standards", 24,"Configure employee acknowledgment workflow", 25,"Launch policy attestation campaign", 26,"Monitor policy completion compliance", 27,"Document current incident reporting workflow", 28,"Identify reporting bottlenecks", 29,"Design revised escalation process", 30,"Develop incident reporting templates", 31,"Train managers on escalation procedures", 32,"Launch updated reporting process", 33,"Identify stakeholder groups", 34,"Develop communication strategy", 35,"Draft executive kickoff briefing", 36,"Publish employee FAQ document", 37,"Conduct biweekly stakeholder reviews", 38,"Coordinate adoption feedback sessions", 39,"Establish weekly reporting cadence", 40,"Build RAID log template", 41,"Create executive status report template", 42,"Establish milestone tracking framework", 43,"Conduct weekly program status review", 44,"Compile monthly executive updates" ) -> Configure LMS training content | D14: =IFS( VALUE(RIGHT(B14,3))<=5,"Planning & Pilot", AND(VALUE(RIGHT(B14,3))>=11,VALUE(RIGHT(B14,3))<=15),"Planning & Pilot", AND(VALUE(RIGHT(B14,3))>=21,VALUE(RIGHT(B14,3))<=24),"Planning & Pilot", AND(VALUE(RIGHT(B14,3))>=27,VALUE(RIGHT(B14,3))<=30),"Planning & Pilot", AND(VALUE(RIGHT(B14,3))>=33,VALUE(RIGHT(B14,3))<=35),"Planning & Pilot", AND(VALUE(RIGHT(B14,3))>=39,VALUE(RIGHT(B14,3))<=42),"Planning & Pilot", AND(VALUE(RIGHT(B14,3))>=6,VALUE(RIGHT(B14,3))<=10),"Rollout & Adoption", AND(VALUE(RIGHT(B14,3))>=16,VALUE(RIGHT(B14,3))<=20),"Rollout & Adoption", AND(VALUE(RIGHT(B14,3))>=25,VALUE(RIGHT(B14,3))<=26),"Rollout & Adoption", AND(VALUE(RIGHT(B14,3))>=31,VALUE(RIGHT(B14,3))<=32),"Rollout & Adoption", AND(VALUE(RIGHT(B14,3))>=36,VALUE(RIGHT(B14,3))<=38),"Rollout & Adoption", VALUE(RIGHT(B14,3))=43,"Rollout & Adoption", VALUE(RIGHT(B14,3))=44,"Stabilization & Reporting" ) -> Planning & Pilot | E14: =IFERROR(VLOOKUP(B14,Rules!A:F,2,FALSE),"") -> HR & Training Team | F14: =IFERROR(VLOOKUP(B14,Rules!A:F,3,FALSE),"") -> Medium | G14: 46194 | H14: =IFERROR(VLOOKUP(B14,Rules!A:F,6,FALSE),"") -> SEC-012 | I14: =IFERROR(VLOOKUP(B14,Rules!A:F,4,FALSE),"") -> In Progress | J14: =IFERROR(VLOOKUP(B14,Rules!A:F,5,FALSE),"") -> Medium | L14: {=IF( I14="Done", G14, IF( G14<TODAY(), TODAY()+ SWITCH( I14, "To Do", XLOOKUP(D14, Timeline!A:A, Timeline!D:D), "In Progress", XLOOKUP(D14, Timeline!A:A, Timeline!E:E), "Review", XLOOKUP(D14, Timeline!A:A, Timeline!F:F), "Blocked", XLOOKUP(D14, Timeline!A:A, Timeline!G:G), 7 ), G14 ) )} -> 46194
A15: =IFS( VALUE(RIGHT(B15,3))<=10,"Identity Security & MFA Enablement", VALUE(RIGHT(B15,3))<=20,"Security Awareness & Human Risk Reduction", VALUE(RIGHT(B15,3))<=26,"Policy Compliance & Governance", VALUE(RIGHT(B15,3))<=32,"Incident Intake & Escalation Modernization", VALUE(RIGHT(B15,3))<=38,"Stakeholder Engagement & Change Management", VALUE(RIGHT(B15,3))<=44,"Program Reporting & Delivery Governance" ) -> Security Awareness & Human Risk Reduction | B15: ="SEC-"&TEXT(ROW()-1,"000") -> SEC-014 | C15: =SWITCH( VALUE(RIGHT(B15,3)), 1,"Identify MFA pilot user group", 2,"Validate SSO compatibility", 3,"Define MFA exception process", 4,"Draft employee MFA communications", 5,"Configure MFA pilot environment", 6,"Launch MFA pilot deployment", 7,"Resolve pilot user issues", 8,"Evaluate pilot adoption metrics", 9,"Prepare phased enterprise rollout", 10,"Launch organization-wide MFA deployment", 11,"Assess existing security training content", 12,"Select phishing-awareness training modules", 13,"Configure LMS training content", 14,"Design phishing simulation campaign", 15,"Pilot phishing-awareness training", 16,"Launch mandatory employee training", 17,"Monitor completion rates by department", 18,"Send training reminder communications", 19,"Evaluate phishing simulation results", 20,"Recommend targeted retraining groups", 21,"Review existing cybersecurity policies", 22,"Update acceptable-use policy", 23,"Revise password and credential standards", 24,"Configure employee acknowledgment workflow", 25,"Launch policy attestation campaign", 26,"Monitor policy completion compliance", 27,"Document current incident reporting workflow", 28,"Identify reporting bottlenecks", 29,"Design revised escalation process", 30,"Develop incident reporting templates", 31,"Train managers on escalation procedures", 32,"Launch updated reporting process", 33,"Identify stakeholder groups", 34,"Develop communication strategy", 35,"Draft executive kickoff briefing", 36,"Publish employee FAQ document", 37,"Conduct biweekly stakeholder reviews", 38,"Coordinate adoption feedback sessions", 39,"Establish weekly reporting cadence", 40,"Build RAID log template", 41,"Create executive status report template", 42,"Establish milestone tracking framework", 43,"Conduct weekly program status review", 44,"Compile monthly executive updates" ) -> Design phishing simulation campaign | D15: =IFS( VALUE(RIGHT(B15,3))<=5,"Planning & Pilot", AND(VALUE(RIGHT(B15,3))>=11,VALUE(RIGHT(B15,3))<=15),"Planning & Pilot", AND(VALUE(RIGHT(B15,3))>=21,VALUE(RIGHT(B15,3))<=24),"Planning & Pilot", AND(VALUE(RIGHT(B15,3))>=27,VALUE(RIGHT(B15,3))<=30),"Planning & Pilot", AND(VALUE(RIGHT(B15,3))>=33,VALUE(RIGHT(B15,3))<=35),"Planning & Pilot", AND(VALUE(RIGHT(B15,3))>=39,VALUE(RIGHT(B15,3))<=42),"Planning & Pilot", AND(VALUE(RIGHT(B15,3))>=6,VALUE(RIGHT(B15,3))<=10),"Rollout & Adoption", AND(VALUE(RIGHT(B15,3))>=16,VALUE(RIGHT(B15,3))<=20),"Rollout & Adoption", AND(VALUE(RIGHT(B15,3))>=25,VALUE(RIGHT(B15,3))<=26),"Rollout & Adoption", AND(VALUE(RIGHT(B15,3))>=31,VALUE(RIGHT(B15,3))<=32),"Rollout & Adoption", AND(VALUE(RIGHT(B15,3))>=36,VALUE(RIGHT(B15,3))<=38),"Rollout & Adoption", VALUE(RIGHT(B15,3))=43,"Rollout & Adoption", VALUE(RIGHT(B15,3))=44,"Stabilization & Reporting" ) -> Planning & Pilot | E15: =IFERROR(VLOOKUP(B15,Rules!A:F,2,FALSE),"") -> IT Security Team | F15: =IFERROR(VLOOKUP(B15,Rules!A:F,3,FALSE),"") -> Medium | G15: 46197 | H15: =IFERROR(VLOOKUP(B15,Rules!A:F,6,FALSE),"") -> SEC-012 | I15: =IFERROR(VLOOKUP(B15,Rules!A:F,4,FALSE),"") -> Review | J15: =IFERROR(VLOOKUP(B15,Rules!A:F,5,FALSE),"") -> Medium | K15: Awaiting phishing simulation approval | L15: {=IF( I15="Done", G15, IF( G15<TODAY(), TODAY()+ SWITCH( I15, "To Do", XLOOKUP(D15, Timeline!A:A, Timeline!D:D), "In Progress", XLOOKUP(D15, Timeline!A:A, Timeline!E:E), "Review", XLOOKUP(D15, Timeline!A:A, Timeline!F:F), "Blocked", XLOOKUP(D15, Timeline!A:A, Timeline!G:G), 7 ), G15 ) )} -> 46197
A16: =IFS( VALUE(RIGHT(B16,3))<=10,"Identity Security & MFA Enablement", VALUE(RIGHT(B16,3))<=20,"Security Awareness & Human Risk Reduction", VALUE(RIGHT(B16,3))<=26,"Policy Compliance & Governance", VALUE(RIGHT(B16,3))<=32,"Incident Intake & Escalation Modernization", VALUE(RIGHT(B16,3))<=38,"Stakeholder Engagement & Change Management", VALUE(RIGHT(B16,3))<=44,"Program Reporting & Delivery Governance" ) -> Security Awareness & Human Risk Reduction | B16: ="SEC-"&TEXT(ROW()-1,"000") -> SEC-015 | C16: =SWITCH( VALUE(RIGHT(B16,3)), 1,"Identify MFA pilot user group", 2,"Validate SSO compatibility", 3,"Define MFA exception process", 4,"Draft employee MFA communications", 5,"Configure MFA pilot environment", 6,"Launch MFA pilot deployment", 7,"Resolve pilot user issues", 8,"Evaluate pilot adoption metrics", 9,"Prepare phased enterprise rollout", 10,"Launch organization-wide MFA deployment", 11,"Assess existing security training content", 12,"Select phishing-awareness training modules", 13,"Configure LMS training content", 14,"Design phishing simulation campaign", 15,"Pilot phishing-awareness training", 16,"Launch mandatory employee training", 17,"Monitor completion rates by department", 18,"Send training reminder communications", 19,"Evaluate phishing simulation results", 20,"Recommend targeted retraining groups", 21,"Review existing cybersecurity policies", 22,"Update acceptable-use policy", 23,"Revise password and credential standards", 24,"Configure employee acknowledgment workflow", 25,"Launch policy attestation campaign", 26,"Monitor policy completion compliance", 27,"Document current incident reporting workflow", 28,"Identify reporting bottlenecks", 29,"Design revised escalation process", 30,"Develop incident reporting templates", 31,"Train managers on escalation procedures", 32,"Launch updated reporting process", 33,"Identify stakeholder groups", 34,"Develop communication strategy", 35,"Draft executive kickoff briefing", 36,"Publish employee FAQ document", 37,"Conduct biweekly stakeholder reviews", 38,"Coordinate adoption feedback sessions", 39,"Establish weekly reporting cadence", 40,"Build RAID log template", 41,"Create executive status report template", 42,"Establish milestone tracking framework", 43,"Conduct weekly program status review", 44,"Compile monthly executive updates" ) -> Pilot phishing-awareness training | D16: =IFS( VALUE(RIGHT(B16,3))<=5,"Planning & Pilot", AND(VALUE(RIGHT(B16,3))>=11,VALUE(RIGHT(B16,3))<=15),"Planning & Pilot", AND(VALUE(RIGHT(B16,3))>=21,VALUE(RIGHT(B16,3))<=24),"Planning & Pilot", AND(VALUE(RIGHT(B16,3))>=27,VALUE(RIGHT(B16,3))<=30),"Planning & Pilot", AND(VALUE(RIGHT(B16,3))>=33,VALUE(RIGHT(B16,3))<=35),"Planning & Pilot", AND(VALUE(RIGHT(B16,3))>=39,VALUE(RIGHT(B16,3))<=42),"Planning & Pilot", AND(VALUE(RIGHT(B16,3))>=6,VALUE(RIGHT(B16,3))<=10),"Rollout & Adoption", AND(VALUE(RIGHT(B16,3))>=16,VALUE(RIGHT(B16,3))<=20),"Rollout & Adoption", AND(VALUE(RIGHT(B16,3))>=25,VALUE(RIGHT(B16,3))<=26),"Rollout & Adoption", AND(VALUE(RIGHT(B16,3))>=31,VALUE(RIGHT(B16,3))<=32),"Rollout & Adoption", AND(VALUE(RIGHT(B16,3))>=36,VALUE(RIGHT(B16,3))<=38),"Rollout & Adoption", VALUE(RIGHT(B16,3))=43,"Rollout & Adoption", VALUE(RIGHT(B16,3))=44,"Stabilization & Reporting" ) -> Planning & Pilot | E16: =IFERROR(VLOOKUP(B16,Rules!A:F,2,FALSE),"") -> HR & Training Team | F16: =IFERROR(VLOOKUP(B16,Rules!A:F,3,FALSE),"") -> Medium | G16: 46197 | H16: =IFERROR(VLOOKUP(B16,Rules!A:F,6,FALSE),"") -> SEC-013, SEC-014 | I16: Blocked | J16: =IFERROR(VLOOKUP(B16,Rules!A:F,5,FALSE),"") -> Medium | L16: {=IF( I16="Done", G16, IF( G16<TODAY(), TODAY()+ SWITCH( I16, "To Do", XLOOKUP(D16, Timeline!A:A, Timeline!D:D), "In Progress", XLOOKUP(D16, Timeline!A:A, Timeline!E:E), "Review", XLOOKUP(D16, Timeline!A:A, Timeline!F:F), "Blocked", XLOOKUP(D16, Timeline!A:A, Timeline!G:G), 7 ), G16 ) )} -> 46197
A17: =IFS( VALUE(RIGHT(B17,3))<=10,"Identity Security & MFA Enablement", VALUE(RIGHT(B17,3))<=20,"Security Awareness & Human Risk Reduction", VALUE(RIGHT(B17,3))<=26,"Policy Compliance & Governance", VALUE(RIGHT(B17,3))<=32,"Incident Intake & Escalation Modernization", VALUE(RIGHT(B17,3))<=38,"Stakeholder Engagement & Change Management", VALUE(RIGHT(B17,3))<=44,"Program Reporting & Delivery Governance" ) -> Security Awareness & Human Risk Reduction | B17: ="SEC-"&TEXT(ROW()-1,"000") -> SEC-016 | C17: =SWITCH( VALUE(RIGHT(B17,3)), 1,"Identify MFA pilot user group", 2,"Validate SSO compatibility", 3,"Define MFA exception process", 4,"Draft employee MFA communications", 5,"Configure MFA pilot environment", 6,"Launch MFA pilot deployment", 7,"Resolve pilot user issues", 8,"Evaluate pilot adoption metrics", 9,"Prepare phased enterprise rollout", 10,"Launch organization-wide MFA deployment", 11,"Assess existing security training content", 12,"Select phishing-awareness training modules", 13,"Configure LMS training content", 14,"Design phishing simulation campaign", 15,"Pilot phishing-awareness training", 16,"Launch mandatory employee training", 17,"Monitor completion rates by department", 18,"Send training reminder communications", 19,"Evaluate phishing simulation results", 20,"Recommend targeted retraining groups", 21,"Review existing cybersecurity policies", 22,"Update acceptable-use policy", 23,"Revise password and credential standards", 24,"Configure employee acknowledgment workflow", 25,"Launch policy attestation campaign", 26,"Monitor policy completion compliance", 27,"Document current incident reporting workflow", 28,"Identify reporting bottlenecks", 29,"Design revised escalation process", 30,"Develop incident reporting templates", 31,"Train managers on escalation procedures", 32,"Launch updated reporting process", 33,"Identify stakeholder groups", 34,"Develop communication strategy", 35,"Draft executive kickoff briefing", 36,"Publish employee FAQ document", 37,"Conduct biweekly stakeholder reviews", 38,"Coordinate adoption feedback sessions", 39,"Establish weekly reporting cadence", 40,"Build RAID log template", 41,"Create executive status report template", 42,"Establish milestone tracking framework", 43,"Conduct weekly program status review", 44,"Compile monthly executive updates" ) -> Launch mandatory employee training | D17: =IFS( VALUE(RIGHT(B17,3))<=5,"Planning & Pilot", AND(VALUE(RIGHT(B17,3))>=11,VALUE(RIGHT(B17,3))<=15),"Planning & Pilot", AND(VALUE(RIGHT(B17,3))>=21,VALUE(RIGHT(B17,3))<=24),"Planning & Pilot", AND(VALUE(RIGHT(B17,3))>=27,VALUE(RIGHT(B17,3))<=30),"Planning & Pilot", AND(VALUE(RIGHT(B17,3))>=33,VALUE(RIGHT(B17,3))<=35),"Planning & Pilot", AND(VALUE(RIGHT(B17,3))>=39,VALUE(RIGHT(B17,3))<=42),"Planning & Pilot", AND(VALUE(RIGHT(B17,3))>=6,VALUE(RIGHT(B17,3))<=10),"Rollout & Adoption", AND(VALUE(RIGHT(B17,3))>=16,VALUE(RIGHT(B17,3))<=20),"Rollout & Adoption", AND(VALUE(RIGHT(B17,3))>=25,VALUE(RIGHT(B17,3))<=26),"Rollout & Adoption", AND(VALUE(RIGHT(B17,3))>=31,VALUE(RIGHT(B17,3))<=32),"Rollout & Adoption", AND(VALUE(RIGHT(B17,3))>=36,VALUE(RIGHT(B17,3))<=38),"Rollout & Adoption", VALUE(RIGHT(B17,3))=43,"Rollout & Adoption", VALUE(RIGHT(B17,3))=44,"Stabilization & Reporting" ) -> Rollout & Adoption | E17: =IFERROR(VLOOKUP(B17,Rules!A:F,2,FALSE),"") -> HR & Training Team | F17: =IFERROR(VLOOKUP(B17,Rules!A:F,3,FALSE),"") -> High | G17: 46241 | H17: =IFERROR(VLOOKUP(B17,Rules!A:F,6,FALSE),"") -> SEC-013, SEC-015 | I17: =IFERROR(VLOOKUP(B17,Rules!A:F,4,FALSE),"") -> Blocked | J17: =IFERROR(VLOOKUP(B17,Rules!A:F,5,FALSE),"") -> High | K17: LMS content configuration required before launch | L17: {=IF( I17="Done", G17, IF( G17<TODAY(), TODAY()+ SWITCH( I17, "To Do", XLOOKUP(D17, Timeline!A:A, Timeline!D:D), "In Progress", XLOOKUP(D17, Timeline!A:A, Timeline!E:E), "Review", XLOOKUP(D17, Timeline!A:A, Timeline!F:F), "Blocked", XLOOKUP(D17, Timeline!A:A, Timeline!G:G), 7 ), G17 ) )} -> 46241
A18: =IFS( VALUE(RIGHT(B18,3))<=10,"Identity Security & MFA Enablement", VALUE(RIGHT(B18,3))<=20,"Security Awareness & Human Risk Reduction", VALUE(RIGHT(B18,3))<=26,"Policy Compliance & Governance", VALUE(RIGHT(B18,3))<=32,"Incident Intake & Escalation Modernization", VALUE(RIGHT(B18,3))<=38,"Stakeholder Engagement & Change Management", VALUE(RIGHT(B18,3))<=44,"Program Reporting & Delivery Governance" ) -> Security Awareness & Human Risk Reduction | B18: ="SEC-"&TEXT(ROW()-1,"000") -> SEC-017 | C18: =SWITCH( VALUE(RIGHT(B18,3)), 1,"Identify MFA pilot user group", 2,"Validate SSO compatibility", 3,"Define MFA exception process", 4,"Draft employee MFA communications", 5,"Configure MFA pilot environment", 6,"Launch MFA pilot deployment", 7,"Resolve pilot user issues", 8,"Evaluate pilot adoption metrics", 9,"Prepare phased enterprise rollout", 10,"Launch organization-wide MFA deployment", 11,"Assess existing security training content", 12,"Select phishing-awareness training modules", 13,"Configure LMS training content", 14,"Design phishing simulation campaign", 15,"Pilot phishing-awareness training", 16,"Launch mandatory employee training", 17,"Monitor completion rates by department", 18,"Send training reminder communications", 19,"Evaluate phishing simulation results", 20,"Recommend targeted retraining groups", 21,"Review existing cybersecurity policies", 22,"Update acceptable-use policy", 23,"Revise password and credential standards", 24,"Configure employee acknowledgment workflow", 25,"Launch policy attestation campaign", 26,"Monitor policy completion compliance", 27,"Document current incident reporting workflow", 28,"Identify reporting bottlenecks", 29,"Design revised escalation process", 30,"Develop incident reporting templates", 31,"Train managers on escalation procedures", 32,"Launch updated reporting process", 33,"Identify stakeholder groups", 34,"Develop communication strategy", 35,"Draft executive kickoff briefing", 36,"Publish employee FAQ document", 37,"Conduct biweekly stakeholder reviews", 38,"Coordinate adoption feedback sessions", 39,"Establish weekly reporting cadence", 40,"Build RAID log template", 41,"Create executive status report template", 42,"Establish milestone tracking framework", 43,"Conduct weekly program status review", 44,"Compile monthly executive updates" ) -> Monitor completion rates by department | D18: =IFS( VALUE(RIGHT(B18,3))<=5,"Planning & Pilot", AND(VALUE(RIGHT(B18,3))>=11,VALUE(RIGHT(B18,3))<=15),"Planning & Pilot", AND(VALUE(RIGHT(B18,3))>=21,VALUE(RIGHT(B18,3))<=24),"Planning & Pilot", AND(VALUE(RIGHT(B18,3))>=27,VALUE(RIGHT(B18,3))<=30),"Planning & Pilot", AND(VALUE(RIGHT(B18,3))>=33,VALUE(RIGHT(B18,3))<=35),"Planning & Pilot", AND(VALUE(RIGHT(B18,3))>=39,VALUE(RIGHT(B18,3))<=42),"Planning & Pilot", AND(VALUE(RIGHT(B18,3))>=6,VALUE(RIGHT(B18,3))<=10),"Rollout & Adoption", AND(VALUE(RIGHT(B18,3))>=16,VALUE(RIGHT(B18,3))<=20),"Rollout & Adoption", AND(VALUE(RIGHT(B18,3))>=25,VALUE(RIGHT(B18,3))<=26),"Rollout & Adoption", AND(VALUE(RIGHT(B18,3))>=31,VALUE(RIGHT(B18,3))<=32),"Rollout & Adoption", AND(VALUE(RIGHT(B18,3))>=36,VALUE(RIGHT(B18,3))<=38),"Rollout & Adoption", VALUE(RIGHT(B18,3))=43,"Rollout & Adoption", VALUE(RIGHT(B18,3))=44,"Stabilization & Reporting" ) -> Rollout & Adoption | E18: =IFERROR(VLOOKUP(B18,Rules!A:F,2,FALSE),"") -> PMO / Governance Support | F18: =IFERROR(VLOOKUP(B32,Rules!A:F,3,FALSE),"") -> Medium | G18: 46273 | H18: =IFERROR(VLOOKUP(B18,Rules!A:F,6,FALSE),"") -> SEC-016 | I18: In Progress | J18: =IFERROR(VLOOKUP(B18,Rules!A:F,5,FALSE),"") -> Medium | K18: Department completion reporting in pilot phase | L18: {=IF( I18="Done", G18, IF( G18<TODAY(), TODAY()+ SWITCH( I18, "To Do", XLOOKUP(D18, Timeline!A:A, Timeline!D:D), "In Progress", XLOOKUP(D18, Timeline!A:A, Timeline!E:E), "Review", XLOOKUP(D18, Timeline!A:A, Timeline!F:F), "Blocked", XLOOKUP(D18, Timeline!A:A, Timeline!G:G), 7 ), G18 ) )} -> 46273
A19: =IFS( VALUE(RIGHT(B19,3))<=10,"Identity Security & MFA Enablement", VALUE(RIGHT(B19,3))<=20,"Security Awareness & Human Risk Reduction", VALUE(RIGHT(B19,3))<=26,"Policy Compliance & Governance", VALUE(RIGHT(B19,3))<=32,"Incident Intake & Escalation Modernization", VALUE(RIGHT(B19,3))<=38,"Stakeholder Engagement & Change Management", VALUE(RIGHT(B19,3))<=44,"Program Reporting & Delivery Governance" ) -> Security Awareness & Human Risk Reduction | B19: ="SEC-"&TEXT(ROW()-1,"000") -> SEC-018 | C19: =SWITCH( VALUE(RIGHT(B19,3)), 1,"Identify MFA pilot user group", 2,"Validate SSO compatibility", 3,"Define MFA exception process", 4,"Draft employee MFA communications", 5,"Configure MFA pilot environment", 6,"Launch MFA pilot deployment", 7,"Resolve pilot user issues", 8,"Evaluate pilot adoption metrics", 9,"Prepare phased enterprise rollout", 10,"Launch organization-wide MFA deployment", 11,"Assess existing security training content", 12,"Select phishing-awareness training modules", 13,"Configure LMS training content", 14,"Design phishing simulation campaign", 15,"Pilot phishing-awareness training", 16,"Launch mandatory employee training", 17,"Monitor completion rates by department", 18,"Send training reminder communications", 19,"Evaluate phishing simulation results", 20,"Recommend targeted retraining groups", 21,"Review existing cybersecurity policies", 22,"Update acceptable-use policy", 23,"Revise password and credential standards", 24,"Configure employee acknowledgment workflow", 25,"Launch policy attestation campaign", 26,"Monitor policy completion compliance", 27,"Document current incident reporting workflow", 28,"Identify reporting bottlenecks", 29,"Design revised escalation process", 30,"Develop incident reporting templates", 31,"Train managers on escalation procedures", 32,"Launch updated reporting process", 33,"Identify stakeholder groups", 34,"Develop communication strategy", 35,"Draft executive kickoff briefing", 36,"Publish employee FAQ document", 37,"Conduct biweekly stakeholder reviews", 38,"Coordinate adoption feedback sessions", 39,"Establish weekly reporting cadence", 40,"Build RAID log template", 41,"Create executive status report template", 42,"Establish milestone tracking framework", 43,"Conduct weekly program status review", 44,"Compile monthly executive updates" ) -> Send training reminder communications | D19: =IFS( VALUE(RIGHT(B19,3))<=5,"Planning & Pilot", AND(VALUE(RIGHT(B19,3))>=11,VALUE(RIGHT(B19,3))<=15),"Planning & Pilot", AND(VALUE(RIGHT(B19,3))>=21,VALUE(RIGHT(B19,3))<=24),"Planning & Pilot", AND(VALUE(RIGHT(B19,3))>=27,VALUE(RIGHT(B19,3))<=30),"Planning & Pilot", AND(VALUE(RIGHT(B19,3))>=33,VALUE(RIGHT(B19,3))<=35),"Planning & Pilot", AND(VALUE(RIGHT(B19,3))>=39,VALUE(RIGHT(B19,3))<=42),"Planning & Pilot", AND(VALUE(RIGHT(B19,3))>=6,VALUE(RIGHT(B19,3))<=10),"Rollout & Adoption", AND(VALUE(RIGHT(B19,3))>=16,VALUE(RIGHT(B19,3))<=20),"Rollout & Adoption", AND(VALUE(RIGHT(B19,3))>=25,VALUE(RIGHT(B19,3))<=26),"Rollout & Adoption", AND(VALUE(RIGHT(B19,3))>=31,VALUE(RIGHT(B19,3))<=32),"Rollout & Adoption", AND(VALUE(RIGHT(B19,3))>=36,VALUE(RIGHT(B19,3))<=38),"Rollout & Adoption", VALUE(RIGHT(B19,3))=43,"Rollout & Adoption", VALUE(RIGHT(B19,3))=44,"Stabilization & Reporting" ) -> Rollout & Adoption | E19: =IFERROR(VLOOKUP(B19,Rules!A:F,2,FALSE),"") -> HR & Training Team | F19: Low | G19: 46270 | H19: =IFERROR(VLOOKUP(B19,Rules!A:F,6,FALSE),"") | I19: In Progress | J19: =IFERROR(VLOOKUP(B19,Rules!A:F,5,FALSE),"") -> Medium | K19: supportive, not mission-critical | L19: {=IF( I19="Done", G19, IF( G19<TODAY(), TODAY()+ SWITCH( I19, "To Do", XLOOKUP(D19, Timeline!A:A, Timeline!D:D), "In Progress", XLOOKUP(D19, Timeline!A:A, Timeline!E:E), "Review", XLOOKUP(D19, Timeline!A:A, Timeline!F:F), "Blocked", XLOOKUP(D19, Timeline!A:A, Timeline!G:G), 7 ), G19 ) )} -> 46270
A20: =IFS( VALUE(RIGHT(B20,3))<=10,"Identity Security & MFA Enablement", VALUE(RIGHT(B20,3))<=20,"Security Awareness & Human Risk Reduction", VALUE(RIGHT(B20,3))<=26,"Policy Compliance & Governance", VALUE(RIGHT(B20,3))<=32,"Incident Intake & Escalation Modernization", VALUE(RIGHT(B20,3))<=38,"Stakeholder Engagement & Change Management", VALUE(RIGHT(B20,3))<=44,"Program Reporting & Delivery Governance" ) -> Security Awareness & Human Risk Reduction | B20: ="SEC-"&TEXT(ROW()-1,"000") -> SEC-019 | C20: =SWITCH( VALUE(RIGHT(B20,3)), 1,"Identify MFA pilot user group", 2,"Validate SSO compatibility", 3,"Define MFA exception process", 4,"Draft employee MFA communications", 5,"Configure MFA pilot environment", 6,"Launch MFA pilot deployment", 7,"Resolve pilot user issues", 8,"Evaluate pilot adoption metrics", 9,"Prepare phased enterprise rollout", 10,"Launch organization-wide MFA deployment", 11,"Assess existing security training content", 12,"Select phishing-awareness training modules", 13,"Configure LMS training content", 14,"Design phishing simulation campaign", 15,"Pilot phishing-awareness training", 16,"Launch mandatory employee training", 17,"Monitor completion rates by department", 18,"Send training reminder communications", 19,"Evaluate phishing simulation results", 20,"Recommend targeted retraining groups", 21,"Review existing cybersecurity policies", 22,"Update acceptable-use policy", 23,"Revise password and credential standards", 24,"Configure employee acknowledgment workflow", 25,"Launch policy attestation campaign", 26,"Monitor policy completion compliance", 27,"Document current incident reporting workflow", 28,"Identify reporting bottlenecks", 29,"Design revised escalation process", 30,"Develop incident reporting templates", 31,"Train managers on escalation procedures", 32,"Launch updated reporting process", 33,"Identify stakeholder groups", 34,"Develop communication strategy", 35,"Draft executive kickoff briefing", 36,"Publish employee FAQ document", 37,"Conduct biweekly stakeholder reviews", 38,"Coordinate adoption feedback sessions", 39,"Establish weekly reporting cadence", 40,"Build RAID log template", 41,"Create executive status report template", 42,"Establish milestone tracking framework", 43,"Conduct weekly program status review", 44,"Compile monthly executive updates" ) -> Evaluate phishing simulation results | D20: =IFS( VALUE(RIGHT(B20,3))<=5,"Planning & Pilot", AND(VALUE(RIGHT(B20,3))>=11,VALUE(RIGHT(B20,3))<=15),"Planning & Pilot", AND(VALUE(RIGHT(B20,3))>=21,VALUE(RIGHT(B20,3))<=24),"Planning & Pilot", AND(VALUE(RIGHT(B20,3))>=27,VALUE(RIGHT(B20,3))<=30),"Planning & Pilot", AND(VALUE(RIGHT(B20,3))>=33,VALUE(RIGHT(B20,3))<=35),"Planning & Pilot", AND(VALUE(RIGHT(B20,3))>=39,VALUE(RIGHT(B20,3))<=42),"Planning & Pilot", AND(VALUE(RIGHT(B20,3))>=6,VALUE(RIGHT(B20,3))<=10),"Rollout & Adoption", AND(VALUE(RIGHT(B20,3))>=16,VALUE(RIGHT(B20,3))<=20),"Rollout & Adoption", AND(VALUE(RIGHT(B20,3))>=25,VALUE(RIGHT(B20,3))<=26),"Rollout & Adoption", AND(VALUE(RIGHT(B20,3))>=31,VALUE(RIGHT(B20,3))<=32),"Rollout & Adoption", AND(VALUE(RIGHT(B20,3))>=36,VALUE(RIGHT(B20,3))<=38),"Rollout & Adoption", VALUE(RIGHT(B20,3))=43,"Rollout & Adoption", VALUE(RIGHT(B20,3))=44,"Stabilization & Reporting" ) -> Rollout & Adoption | E20: =IFERROR(VLOOKUP(B20,Rules!A:F,2,FALSE),"") -> Security Transformation Lead | F20: =IFERROR(VLOOKUP(B32,Rules!A:F,3,FALSE),"") -> Medium | G20: 46277 | H20: =IFERROR(VLOOKUP(B20,Rules!A:F,6,FALSE),"") | I20: =IFERROR(VLOOKUP(B20,Rules!A:F,4,FALSE),"") -> To Do | J20: =IFERROR(VLOOKUP(B20,Rules!A:F,5,FALSE),"") -> Medium | L20: {=IF( I20="Done", G20, IF( G20<TODAY(), TODAY()+ SWITCH( I20, "To Do", XLOOKUP(D20, Timeline!A:A, Timeline!D:D), "In Progress", XLOOKUP(D20, Timeline!A:A, Timeline!E:E), "Review", XLOOKUP(D20, Timeline!A:A, Timeline!F:F), "Blocked", XLOOKUP(D20, Timeline!A:A, Timeline!G:G), 7 ), G20 ) )} -> 46277
A21: =IFS( VALUE(RIGHT(B21,3))<=10,"Identity Security & MFA Enablement", VALUE(RIGHT(B21,3))<=20,"Security Awareness & Human Risk Reduction", VALUE(RIGHT(B21,3))<=26,"Policy Compliance & Governance", VALUE(RIGHT(B21,3))<=32,"Incident Intake & Escalation Modernization", VALUE(RIGHT(B21,3))<=38,"Stakeholder Engagement & Change Management", VALUE(RIGHT(B21,3))<=44,"Program Reporting & Delivery Governance" ) -> Security Awareness & Human Risk Reduction | B21: ="SEC-"&TEXT(ROW()-1,"000") -> SEC-020 | C21: =SWITCH( VALUE(RIGHT(B21,3)), 1,"Identify MFA pilot user group", 2,"Validate SSO compatibility", 3,"Define MFA exception process", 4,"Draft employee MFA communications", 5,"Configure MFA pilot environment", 6,"Launch MFA pilot deployment", 7,"Resolve pilot user issues", 8,"Evaluate pilot adoption metrics", 9,"Prepare phased enterprise rollout", 10,"Launch organization-wide MFA deployment", 11,"Assess existing security training content", 12,"Select phishing-awareness training modules", 13,"Configure LMS training content", 14,"Design phishing simulation campaign", 15,"Pilot phishing-awareness training", 16,"Launch mandatory employee training", 17,"Monitor completion rates by department", 18,"Send training reminder communications", 19,"Evaluate phishing simulation results", 20,"Recommend targeted retraining groups", 21,"Review existing cybersecurity policies", 22,"Update acceptable-use policy", 23,"Revise password and credential standards", 24,"Configure employee acknowledgment workflow", 25,"Launch policy attestation campaign", 26,"Monitor policy completion compliance", 27,"Document current incident reporting workflow", 28,"Identify reporting bottlenecks", 29,"Design revised escalation process", 30,"Develop incident reporting templates", 31,"Train managers on escalation procedures", 32,"Launch updated reporting process", 33,"Identify stakeholder groups", 34,"Develop communication strategy", 35,"Draft executive kickoff briefing", 36,"Publish employee FAQ document", 37,"Conduct biweekly stakeholder reviews", 38,"Coordinate adoption feedback sessions", 39,"Establish weekly reporting cadence", 40,"Build RAID log template", 41,"Create executive status report template", 42,"Establish milestone tracking framework", 43,"Conduct weekly program status review", 44,"Compile monthly executive updates" ) -> Recommend targeted retraining groups | D21: =IFS( VALUE(RIGHT(B21,3))<=5,"Planning & Pilot", AND(VALUE(RIGHT(B21,3))>=11,VALUE(RIGHT(B21,3))<=15),"Planning & Pilot", AND(VALUE(RIGHT(B21,3))>=21,VALUE(RIGHT(B21,3))<=24),"Planning & Pilot", AND(VALUE(RIGHT(B21,3))>=27,VALUE(RIGHT(B21,3))<=30),"Planning & Pilot", AND(VALUE(RIGHT(B21,3))>=33,VALUE(RIGHT(B21,3))<=35),"Planning & Pilot", AND(VALUE(RIGHT(B21,3))>=39,VALUE(RIGHT(B21,3))<=42),"Planning & Pilot", AND(VALUE(RIGHT(B21,3))>=6,VALUE(RIGHT(B21,3))<=10),"Rollout & Adoption", AND(VALUE(RIGHT(B21,3))>=16,VALUE(RIGHT(B21,3))<=20),"Rollout & Adoption", AND(VALUE(RIGHT(B21,3))>=25,VALUE(RIGHT(B21,3))<=26),"Rollout & Adoption", AND(VALUE(RIGHT(B21,3))>=31,VALUE(RIGHT(B21,3))<=32),"Rollout & Adoption", AND(VALUE(RIGHT(B21,3))>=36,VALUE(RIGHT(B21,3))<=38),"Rollout & Adoption", VALUE(RIGHT(B21,3))=43,"Rollout & Adoption", VALUE(RIGHT(B21,3))=44,"Stabilization & Reporting" ) -> Rollout & Adoption | E21: =IFERROR(VLOOKUP(B21,Rules!A:F,2,FALSE),"") -> HR & Training Team | F21: Low | G21: 46209 | H21: =IFERROR(VLOOKUP(B21,Rules!A:F,6,FALSE),"") | I21: =IFERROR(VLOOKUP(B21,Rules!A:F,4,FALSE),"") -> To Do | J21: =IFERROR(VLOOKUP(B21,Rules!A:F,5,FALSE),"") -> Medium | K21: optimization task | L21: {=IF( I21="Done", G21, IF( G21<TODAY(), TODAY()+ SWITCH( I21, "To Do", XLOOKUP(D21, Timeline!A:A, Timeline!D:D), "In Progress", XLOOKUP(D21, Timeline!A:A, Timeline!E:E), "Review", XLOOKUP(D21, Timeline!A:A, Timeline!F:F), "Blocked", XLOOKUP(D21, Timeline!A:A, Timeline!G:G), 7 ), G21 ) )} -> 46209
A22: =IFS( VALUE(RIGHT(B22,3))<=10,"Identity Security & MFA Enablement", VALUE(RIGHT(B22,3))<=20,"Security Awareness & Human Risk Reduction", VALUE(RIGHT(B22,3))<=26,"Policy Compliance & Governance", VALUE(RIGHT(B22,3))<=32,"Incident Intake & Escalation Modernization", VALUE(RIGHT(B22,3))<=38,"Stakeholder Engagement & Change Management", VALUE(RIGHT(B22,3))<=44,"Program Reporting & Delivery Governance" ) -> Policy Compliance & Governance | B22: ="SEC-"&TEXT(ROW()-1,"000") -> SEC-021 | C22: =SWITCH( VALUE(RIGHT(B22,3)), 1,"Identify MFA pilot user group", 2,"Validate SSO compatibility", 3,"Define MFA exception process", 4,"Draft employee MFA communications", 5,"Configure MFA pilot environment", 6,"Launch MFA pilot deployment", 7,"Resolve pilot user issues", 8,"Evaluate pilot adoption metrics", 9,"Prepare phased enterprise rollout", 10,"Launch organization-wide MFA deployment", 11,"Assess existing security training content", 12,"Select phishing-awareness training modules", 13,"Configure LMS training content", 14,"Design phishing simulation campaign", 15,"Pilot phishing-awareness training", 16,"Launch mandatory employee training", 17,"Monitor completion rates by department", 18,"Send training reminder communications", 19,"Evaluate phishing simulation results", 20,"Recommend targeted retraining groups", 21,"Review existing cybersecurity policies", 22,"Update acceptable-use policy", 23,"Revise password and credential standards", 24,"Configure employee acknowledgment workflow", 25,"Launch policy attestation campaign", 26,"Monitor policy completion compliance", 27,"Document current incident reporting workflow", 28,"Identify reporting bottlenecks", 29,"Design revised escalation process", 30,"Develop incident reporting templates", 31,"Train managers on escalation procedures", 32,"Launch updated reporting process", 33,"Identify stakeholder groups", 34,"Develop communication strategy", 35,"Draft executive kickoff briefing", 36,"Publish employee FAQ document", 37,"Conduct biweekly stakeholder reviews", 38,"Coordinate adoption feedback sessions", 39,"Establish weekly reporting cadence", 40,"Build RAID log template", 41,"Create executive status report template", 42,"Establish milestone tracking framework", 43,"Conduct weekly program status review", 44,"Compile monthly executive updates" ) -> Review existing cybersecurity policies | D22: =IFS( VALUE(RIGHT(B22,3))<=5,"Planning & Pilot", AND(VALUE(RIGHT(B22,3))>=11,VALUE(RIGHT(B22,3))<=15),"Planning & Pilot", AND(VALUE(RIGHT(B22,3))>=21,VALUE(RIGHT(B22,3))<=24),"Planning & Pilot", AND(VALUE(RIGHT(B22,3))>=27,VALUE(RIGHT(B22,3))<=30),"Planning & Pilot", AND(VALUE(RIGHT(B22,3))>=33,VALUE(RIGHT(B22,3))<=35),"Planning & Pilot", AND(VALUE(RIGHT(B22,3))>=39,VALUE(RIGHT(B22,3))<=42),"Planning & Pilot", AND(VALUE(RIGHT(B22,3))>=6,VALUE(RIGHT(B22,3))<=10),"Rollout & Adoption", AND(VALUE(RIGHT(B22,3))>=16,VALUE(RIGHT(B22,3))<=20),"Rollout & Adoption", AND(VALUE(RIGHT(B22,3))>=25,VALUE(RIGHT(B22,3))<=26),"Rollout & Adoption", AND(VALUE(RIGHT(B22,3))>=31,VALUE(RIGHT(B22,3))<=32),"Rollout & Adoption", AND(VALUE(RIGHT(B22,3))>=36,VALUE(RIGHT(B22,3))<=38),"Rollout & Adoption", VALUE(RIGHT(B22,3))=43,"Rollout & Adoption", VALUE(RIGHT(B22,3))=44,"Stabilization & Reporting" ) -> Planning & Pilot | E22: =IFERROR(VLOOKUP(B22,Rules!A:F,2,FALSE),"") -> PMO / Governance Support | F22: =IFERROR(VLOOKUP(B22,Rules!A:F,3,FALSE),"") -> Medium | G22: 46178 | H22: =IFERROR(VLOOKUP(B22,Rules!A:F,6,FALSE),"") | I22: =IFERROR(VLOOKUP(B22,Rules!A:F,4,FALSE),"") -> Done | J22: =IFERROR(VLOOKUP(B22,Rules!A:F,5,FALSE),"") -> Medium | L22: {=IF( I22="Done", G22, IF( G22<TODAY(), TODAY()+ SWITCH( I22, "To Do", XLOOKUP(D22, Timeline!A:A, Timeline!D:D), "In Progress", XLOOKUP(D22, Timeline!A:A, Timeline!E:E), "Review", XLOOKUP(D22, Timeline!A:A, Timeline!F:F), "Blocked", XLOOKUP(D22, Timeline!A:A, Timeline!G:G), 7 ), G22 ) )} -> 46178
A23: =IFS( VALUE(RIGHT(B23,3))<=10,"Identity Security & MFA Enablement", VALUE(RIGHT(B23,3))<=20,"Security Awareness & Human Risk Reduction", VALUE(RIGHT(B23,3))<=26,"Policy Compliance & Governance", VALUE(RIGHT(B23,3))<=32,"Incident Intake & Escalation Modernization", VALUE(RIGHT(B23,3))<=38,"Stakeholder Engagement & Change Management", VALUE(RIGHT(B23,3))<=44,"Program Reporting & Delivery Governance" ) -> Policy Compliance & Governance | B23: ="SEC-"&TEXT(ROW()-1,"000") -> SEC-022 | C23: =SWITCH( VALUE(RIGHT(B23,3)), 1,"Identify MFA pilot user group", 2,"Validate SSO compatibility", 3,"Define MFA exception process", 4,"Draft employee MFA communications", 5,"Configure MFA pilot environment", 6,"Launch MFA pilot deployment", 7,"Resolve pilot user issues", 8,"Evaluate pilot adoption metrics", 9,"Prepare phased enterprise rollout", 10,"Launch organization-wide MFA deployment", 11,"Assess existing security training content", 12,"Select phishing-awareness training modules", 13,"Configure LMS training content", 14,"Design phishing simulation campaign", 15,"Pilot phishing-awareness training", 16,"Launch mandatory employee training", 17,"Monitor completion rates by department", 18,"Send training reminder communications", 19,"Evaluate phishing simulation results", 20,"Recommend targeted retraining groups", 21,"Review existing cybersecurity policies", 22,"Update acceptable-use policy", 23,"Revise password and credential standards", 24,"Configure employee acknowledgment workflow", 25,"Launch policy attestation campaign", 26,"Monitor policy completion compliance", 27,"Document current incident reporting workflow", 28,"Identify reporting bottlenecks", 29,"Design revised escalation process", 30,"Develop incident reporting templates", 31,"Train managers on escalation procedures", 32,"Launch updated reporting process", 33,"Identify stakeholder groups", 34,"Develop communication strategy", 35,"Draft executive kickoff briefing", 36,"Publish employee FAQ document", 37,"Conduct biweekly stakeholder reviews", 38,"Coordinate adoption feedback sessions", 39,"Establish weekly reporting cadence", 40,"Build RAID log template", 41,"Create executive status report template", 42,"Establish milestone tracking framework", 43,"Conduct weekly program status review", 44,"Compile monthly executive updates" ) -> Update acceptable-use policy | D23: =IFS( VALUE(RIGHT(B23,3))<=5,"Planning & Pilot", AND(VALUE(RIGHT(B23,3))>=11,VALUE(RIGHT(B23,3))<=15),"Planning & Pilot", AND(VALUE(RIGHT(B23,3))>=21,VALUE(RIGHT(B23,3))<=24),"Planning & Pilot", AND(VALUE(RIGHT(B23,3))>=27,VALUE(RIGHT(B23,3))<=30),"Planning & Pilot", AND(VALUE(RIGHT(B23,3))>=33,VALUE(RIGHT(B23,3))<=35),"Planning & Pilot", AND(VALUE(RIGHT(B23,3))>=39,VALUE(RIGHT(B23,3))<=42),"Planning & Pilot", AND(VALUE(RIGHT(B23,3))>=6,VALUE(RIGHT(B23,3))<=10),"Rollout & Adoption", AND(VALUE(RIGHT(B23,3))>=16,VALUE(RIGHT(B23,3))<=20),"Rollout & Adoption", AND(VALUE(RIGHT(B23,3))>=25,VALUE(RIGHT(B23,3))<=26),"Rollout & Adoption", AND(VALUE(RIGHT(B23,3))>=31,VALUE(RIGHT(B23,3))<=32),"Rollout & Adoption", AND(VALUE(RIGHT(B23,3))>=36,VALUE(RIGHT(B23,3))<=38),"Rollout & Adoption", VALUE(RIGHT(B23,3))=43,"Rollout & Adoption", VALUE(RIGHT(B23,3))=44,"Stabilization & Reporting" ) -> Planning & Pilot | E23: =IFERROR(VLOOKUP(B23,Rules!A:F,2,FALSE),"") -> PMO / Governance Support | F23: =IFERROR(VLOOKUP(B23,Rules!A:F,3,FALSE),"") -> Medium | G23: 46193 | H23: =IFERROR(VLOOKUP(B23,Rules!A:F,6,FALSE),"") -> SEC-021 | I23: =IFERROR(VLOOKUP(B23,Rules!A:F,4,FALSE),"") -> In Progress | J23: =IFERROR(VLOOKUP(B23,Rules!A:F,5,FALSE),"") -> Medium | L23: {=IF( I23="Done", G23, IF( G23<TODAY(), TODAY()+ SWITCH( I23, "To Do", XLOOKUP(D23, Timeline!A:A, Timeline!D:D), "In Progress", XLOOKUP(D23, Timeline!A:A, Timeline!E:E), "Review", XLOOKUP(D23, Timeline!A:A, Timeline!F:F), "Blocked", XLOOKUP(D23, Timeline!A:A, Timeline!G:G), 7 ), G23 ) )} -> 46193
A24: =IFS( VALUE(RIGHT(B24,3))<=10,"Identity Security & MFA Enablement", VALUE(RIGHT(B24,3))<=20,"Security Awareness & Human Risk Reduction", VALUE(RIGHT(B24,3))<=26,"Policy Compliance & Governance", VALUE(RIGHT(B24,3))<=32,"Incident Intake & Escalation Modernization", VALUE(RIGHT(B24,3))<=38,"Stakeholder Engagement & Change Management", VALUE(RIGHT(B24,3))<=44,"Program Reporting & Delivery Governance" ) -> Policy Compliance & Governance | B24: ="SEC-"&TEXT(ROW()-1,"000") -> SEC-023 | C24: =SWITCH( VALUE(RIGHT(B24,3)), 1,"Identify MFA pilot user group", 2,"Validate SSO compatibility", 3,"Define MFA exception process", 4,"Draft employee MFA communications", 5,"Configure MFA pilot environment", 6,"Launch MFA pilot deployment", 7,"Resolve pilot user issues", 8,"Evaluate pilot adoption metrics", 9,"Prepare phased enterprise rollout", 10,"Launch organization-wide MFA deployment", 11,"Assess existing security training content", 12,"Select phishing-awareness training modules", 13,"Configure LMS training content", 14,"Design phishing simulation campaign", 15,"Pilot phishing-awareness training", 16,"Launch mandatory employee training", 17,"Monitor completion rates by department", 18,"Send training reminder communications", 19,"Evaluate phishing simulation results", 20,"Recommend targeted retraining groups", 21,"Review existing cybersecurity policies", 22,"Update acceptable-use policy", 23,"Revise password and credential standards", 24,"Configure employee acknowledgment workflow", 25,"Launch policy attestation campaign", 26,"Monitor policy completion compliance", 27,"Document current incident reporting workflow", 28,"Identify reporting bottlenecks", 29,"Design revised escalation process", 30,"Develop incident reporting templates", 31,"Train managers on escalation procedures", 32,"Launch updated reporting process", 33,"Identify stakeholder groups", 34,"Develop communication strategy", 35,"Draft executive kickoff briefing", 36,"Publish employee FAQ document", 37,"Conduct biweekly stakeholder reviews", 38,"Coordinate adoption feedback sessions", 39,"Establish weekly reporting cadence", 40,"Build RAID log template", 41,"Create executive status report template", 42,"Establish milestone tracking framework", 43,"Conduct weekly program status review", 44,"Compile monthly executive updates" ) -> Revise password and credential standards | D24: =IFS( VALUE(RIGHT(B24,3))<=5,"Planning & Pilot", AND(VALUE(RIGHT(B24,3))>=11,VALUE(RIGHT(B24,3))<=15),"Planning & Pilot", AND(VALUE(RIGHT(B24,3))>=21,VALUE(RIGHT(B24,3))<=24),"Planning & Pilot", AND(VALUE(RIGHT(B24,3))>=27,VALUE(RIGHT(B24,3))<=30),"Planning & Pilot", AND(VALUE(RIGHT(B24,3))>=33,VALUE(RIGHT(B24,3))<=35),"Planning & Pilot", AND(VALUE(RIGHT(B24,3))>=39,VALUE(RIGHT(B24,3))<=42),"Planning & Pilot", AND(VALUE(RIGHT(B24,3))>=6,VALUE(RIGHT(B24,3))<=10),"Rollout & Adoption", AND(VALUE(RIGHT(B24,3))>=16,VALUE(RIGHT(B24,3))<=20),"Rollout & Adoption", AND(VALUE(RIGHT(B24,3))>=25,VALUE(RIGHT(B24,3))<=26),"Rollout & Adoption", AND(VALUE(RIGHT(B24,3))>=31,VALUE(RIGHT(B24,3))<=32),"Rollout & Adoption", AND(VALUE(RIGHT(B24,3))>=36,VALUE(RIGHT(B24,3))<=38),"Rollout & Adoption", VALUE(RIGHT(B24,3))=43,"Rollout & Adoption", VALUE(RIGHT(B24,3))=44,"Stabilization & Reporting" ) -> Planning & Pilot | E24: =IFERROR(VLOOKUP(B24,Rules!A:F,2,FALSE),"") -> IT Security Team | F24: =IFERROR(VLOOKUP(B24,Rules!A:F,3,FALSE),"") -> Medium | G24: 46194 | H24: =IFERROR(VLOOKUP(B24,Rules!A:F,6,FALSE),"") -> SEC-021 | I24: In Progress | J24: =IFERROR(VLOOKUP(B24,Rules!A:F,5,FALSE),"") -> Medium | L24: {=IF( I24="Done", G24, IF( G24<TODAY(), TODAY()+ SWITCH( I24, "To Do", XLOOKUP(D24, Timeline!A:A, Timeline!D:D), "In Progress", XLOOKUP(D24, Timeline!A:A, Timeline!E:E), "Review", XLOOKUP(D24, Timeline!A:A, Timeline!F:F), "Blocked", XLOOKUP(D24, Timeline!A:A, Timeline!G:G), 7 ), G24 ) )} -> 46194
A25: =IFS( VALUE(RIGHT(B25,3))<=10,"Identity Security & MFA Enablement", VALUE(RIGHT(B25,3))<=20,"Security Awareness & Human Risk Reduction", VALUE(RIGHT(B25,3))<=26,"Policy Compliance & Governance", VALUE(RIGHT(B25,3))<=32,"Incident Intake & Escalation Modernization", VALUE(RIGHT(B25,3))<=38,"Stakeholder Engagement & Change Management", VALUE(RIGHT(B25,3))<=44,"Program Reporting & Delivery Governance" ) -> Policy Compliance & Governance | B25: ="SEC-"&TEXT(ROW()-1,"000") -> SEC-024 | C25: =SWITCH( VALUE(RIGHT(B25,3)), 1,"Identify MFA pilot user group", 2,"Validate SSO compatibility", 3,"Define MFA exception process", 4,"Draft employee MFA communications", 5,"Configure MFA pilot environment", 6,"Launch MFA pilot deployment", 7,"Resolve pilot user issues", 8,"Evaluate pilot adoption metrics", 9,"Prepare phased enterprise rollout", 10,"Launch organization-wide MFA deployment", 11,"Assess existing security training content", 12,"Select phishing-awareness training modules", 13,"Configure LMS training content", 14,"Design phishing simulation campaign", 15,"Pilot phishing-awareness training", 16,"Launch mandatory employee training", 17,"Monitor completion rates by department", 18,"Send training reminder communications", 19,"Evaluate phishing simulation results", 20,"Recommend targeted retraining groups", 21,"Review existing cybersecurity policies", 22,"Update acceptable-use policy", 23,"Revise password and credential standards", 24,"Configure employee acknowledgment workflow", 25,"Launch policy attestation campaign", 26,"Monitor policy completion compliance", 27,"Document current incident reporting workflow", 28,"Identify reporting bottlenecks", 29,"Design revised escalation process", 30,"Develop incident reporting templates", 31,"Train managers on escalation procedures", 32,"Launch updated reporting process", 33,"Identify stakeholder groups", 34,"Develop communication strategy", 35,"Draft executive kickoff briefing", 36,"Publish employee FAQ document", 37,"Conduct biweekly stakeholder reviews", 38,"Coordinate adoption feedback sessions", 39,"Establish weekly reporting cadence", 40,"Build RAID log template", 41,"Create executive status report template", 42,"Establish milestone tracking framework", 43,"Conduct weekly program status review", 44,"Compile monthly executive updates" ) -> Configure employee acknowledgment workflow | D25: =IFS( VALUE(RIGHT(B25,3))<=5,"Planning & Pilot", AND(VALUE(RIGHT(B25,3))>=11,VALUE(RIGHT(B25,3))<=15),"Planning & Pilot", AND(VALUE(RIGHT(B25,3))>=21,VALUE(RIGHT(B25,3))<=24),"Planning & Pilot", AND(VALUE(RIGHT(B25,3))>=27,VALUE(RIGHT(B25,3))<=30),"Planning & Pilot", AND(VALUE(RIGHT(B25,3))>=33,VALUE(RIGHT(B25,3))<=35),"Planning & Pilot", AND(VALUE(RIGHT(B25,3))>=39,VALUE(RIGHT(B25,3))<=42),"Planning & Pilot", AND(VALUE(RIGHT(B25,3))>=6,VALUE(RIGHT(B25,3))<=10),"Rollout & Adoption", AND(VALUE(RIGHT(B25,3))>=16,VALUE(RIGHT(B25,3))<=20),"Rollout & Adoption", AND(VALUE(RIGHT(B25,3))>=25,VALUE(RIGHT(B25,3))<=26),"Rollout & Adoption", AND(VALUE(RIGHT(B25,3))>=31,VALUE(RIGHT(B25,3))<=32),"Rollout & Adoption", AND(VALUE(RIGHT(B25,3))>=36,VALUE(RIGHT(B25,3))<=38),"Rollout & Adoption", VALUE(RIGHT(B25,3))=43,"Rollout & Adoption", VALUE(RIGHT(B25,3))=44,"Stabilization & Reporting" ) -> Planning & Pilot | E25: =IFERROR(VLOOKUP(B25,Rules!A:F,2,FALSE),"") -> PMO / Governance Support | F25: =IFERROR(VLOOKUP(B25,Rules!A:F,3,FALSE),"") -> Medium | G25: 46200 | H25: =IFERROR(VLOOKUP(B25,Rules!A:F,6,FALSE),"") -> SEC-022, SEC-023 | I25: In Progress | J25: =IFERROR(VLOOKUP(B25,Rules!A:F,5,FALSE),"") -> Medium | L25: {=IF( I25="Done", G25, IF( G25<TODAY(), TODAY()+ SWITCH( I25, "To Do", XLOOKUP(D25, Timeline!A:A, Timeline!D:D), "In Progress", XLOOKUP(D25, Timeline!A:A, Timeline!E:E), "Review", XLOOKUP(D25, Timeline!A:A, Timeline!F:F), "Blocked", XLOOKUP(D25, Timeline!A:A, Timeline!G:G), 7 ), G25 ) )} -> 46200
A26: =IFS( VALUE(RIGHT(B26,3))<=10,"Identity Security & MFA Enablement", VALUE(RIGHT(B26,3))<=20,"Security Awareness & Human Risk Reduction", VALUE(RIGHT(B26,3))<=26,"Policy Compliance & Governance", VALUE(RIGHT(B26,3))<=32,"Incident Intake & Escalation Modernization", VALUE(RIGHT(B26,3))<=38,"Stakeholder Engagement & Change Management", VALUE(RIGHT(B26,3))<=44,"Program Reporting & Delivery Governance" ) -> Policy Compliance & Governance | B26: ="SEC-"&TEXT(ROW()-1,"000") -> SEC-025 | C26: =SWITCH( VALUE(RIGHT(B26,3)), 1,"Identify MFA pilot user group", 2,"Validate SSO compatibility", 3,"Define MFA exception process", 4,"Draft employee MFA communications", 5,"Configure MFA pilot environment", 6,"Launch MFA pilot deployment", 7,"Resolve pilot user issues", 8,"Evaluate pilot adoption metrics", 9,"Prepare phased enterprise rollout", 10,"Launch organization-wide MFA deployment", 11,"Assess existing security training content", 12,"Select phishing-awareness training modules", 13,"Configure LMS training content", 14,"Design phishing simulation campaign", 15,"Pilot phishing-awareness training", 16,"Launch mandatory employee training", 17,"Monitor completion rates by department", 18,"Send training reminder communications", 19,"Evaluate phishing simulation results", 20,"Recommend targeted retraining groups", 21,"Review existing cybersecurity policies", 22,"Update acceptable-use policy", 23,"Revise password and credential standards", 24,"Configure employee acknowledgment workflow", 25,"Launch policy attestation campaign", 26,"Monitor policy completion compliance", 27,"Document current incident reporting workflow", 28,"Identify reporting bottlenecks", 29,"Design revised escalation process", 30,"Develop incident reporting templates", 31,"Train managers on escalation procedures", 32,"Launch updated reporting process", 33,"Identify stakeholder groups", 34,"Develop communication strategy", 35,"Draft executive kickoff briefing", 36,"Publish employee FAQ document", 37,"Conduct biweekly stakeholder reviews", 38,"Coordinate adoption feedback sessions", 39,"Establish weekly reporting cadence", 40,"Build RAID log template", 41,"Create executive status report template", 42,"Establish milestone tracking framework", 43,"Conduct weekly program status review", 44,"Compile monthly executive updates" ) -> Launch policy attestation campaign | D26: =IFS( VALUE(RIGHT(B26,3))<=5,"Planning & Pilot", AND(VALUE(RIGHT(B26,3))>=11,VALUE(RIGHT(B26,3))<=15),"Planning & Pilot", AND(VALUE(RIGHT(B26,3))>=21,VALUE(RIGHT(B26,3))<=24),"Planning & Pilot", AND(VALUE(RIGHT(B26,3))>=27,VALUE(RIGHT(B26,3))<=30),"Planning & Pilot", AND(VALUE(RIGHT(B26,3))>=33,VALUE(RIGHT(B26,3))<=35),"Planning & Pilot", AND(VALUE(RIGHT(B26,3))>=39,VALUE(RIGHT(B26,3))<=42),"Planning & Pilot", AND(VALUE(RIGHT(B26,3))>=6,VALUE(RIGHT(B26,3))<=10),"Rollout & Adoption", AND(VALUE(RIGHT(B26,3))>=16,VALUE(RIGHT(B26,3))<=20),"Rollout & Adoption", AND(VALUE(RIGHT(B26,3))>=25,VALUE(RIGHT(B26,3))<=26),"Rollout & Adoption", AND(VALUE(RIGHT(B26,3))>=31,VALUE(RIGHT(B26,3))<=32),"Rollout & Adoption", AND(VALUE(RIGHT(B26,3))>=36,VALUE(RIGHT(B26,3))<=38),"Rollout & Adoption", VALUE(RIGHT(B26,3))=43,"Rollout & Adoption", VALUE(RIGHT(B26,3))=44,"Stabilization & Reporting" ) -> Rollout & Adoption | E26: =IFERROR(VLOOKUP(B26,Rules!A:F,2,FALSE),"") -> PMO / Governance Support | F26: =IFERROR(VLOOKUP(B26,Rules!A:F,3,FALSE),"") -> High | G26: 46228 | H26: =IFERROR(VLOOKUP(B26,Rules!A:F,6,FALSE),"") -> SEC-022, SEC-023, SEC-024 | I26: =IFERROR(VLOOKUP(B26,Rules!A:F,4,FALSE),"") -> To Do | J26: =IFERROR(VLOOKUP(B26,Rules!A:F,5,FALSE),"") -> High | K26: Executive approval required prior to launch | L26: {=IF( I26="Done", G26, IF( G26<TODAY(), TODAY()+ SWITCH( I26, "To Do", XLOOKUP(D26, Timeline!A:A, Timeline!D:D), "In Progress", XLOOKUP(D26, Timeline!A:A, Timeline!E:E), "Review", XLOOKUP(D26, Timeline!A:A, Timeline!F:F), "Blocked", XLOOKUP(D26, Timeline!A:A, Timeline!G:G), 7 ), G26 ) )} -> 46228
A27: =IFS( VALUE(RIGHT(B27,3))<=10,"Identity Security & MFA Enablement", VALUE(RIGHT(B27,3))<=20,"Security Awareness & Human Risk Reduction", VALUE(RIGHT(B27,3))<=26,"Policy Compliance & Governance", VALUE(RIGHT(B27,3))<=32,"Incident Intake & Escalation Modernization", VALUE(RIGHT(B27,3))<=38,"Stakeholder Engagement & Change Management", VALUE(RIGHT(B27,3))<=44,"Program Reporting & Delivery Governance" ) -> Policy Compliance & Governance | B27: ="SEC-"&TEXT(ROW()-1,"000") -> SEC-026 | C27: =SWITCH( VALUE(RIGHT(B27,3)), 1,"Identify MFA pilot user group", 2,"Validate SSO compatibility", 3,"Define MFA exception process", 4,"Draft employee MFA communications", 5,"Configure MFA pilot environment", 6,"Launch MFA pilot deployment", 7,"Resolve pilot user issues", 8,"Evaluate pilot adoption metrics", 9,"Prepare phased enterprise rollout", 10,"Launch organization-wide MFA deployment", 11,"Assess existing security training content", 12,"Select phishing-awareness training modules", 13,"Configure LMS training content", 14,"Design phishing simulation campaign", 15,"Pilot phishing-awareness training", 16,"Launch mandatory employee training", 17,"Monitor completion rates by department", 18,"Send training reminder communications", 19,"Evaluate phishing simulation results", 20,"Recommend targeted retraining groups", 21,"Review existing cybersecurity policies", 22,"Update acceptable-use policy", 23,"Revise password and credential standards", 24,"Configure employee acknowledgment workflow", 25,"Launch policy attestation campaign", 26,"Monitor policy completion compliance", 27,"Document current incident reporting workflow", 28,"Identify reporting bottlenecks", 29,"Design revised escalation process", 30,"Develop incident reporting templates", 31,"Train managers on escalation procedures", 32,"Launch updated reporting process", 33,"Identify stakeholder groups", 34,"Develop communication strategy", 35,"Draft executive kickoff briefing", 36,"Publish employee FAQ document", 37,"Conduct biweekly stakeholder reviews", 38,"Coordinate adoption feedback sessions", 39,"Establish weekly reporting cadence", 40,"Build RAID log template", 41,"Create executive status report template", 42,"Establish milestone tracking framework", 43,"Conduct weekly program status review", 44,"Compile monthly executive updates" ) -> Monitor policy completion compliance | D27: =IFS( VALUE(RIGHT(B27,3))<=5,"Planning & Pilot", AND(VALUE(RIGHT(B27,3))>=11,VALUE(RIGHT(B27,3))<=15),"Planning & Pilot", AND(VALUE(RIGHT(B27,3))>=21,VALUE(RIGHT(B27,3))<=24),"Planning & Pilot", AND(VALUE(RIGHT(B27,3))>=27,VALUE(RIGHT(B27,3))<=30),"Planning & Pilot", AND(VALUE(RIGHT(B27,3))>=33,VALUE(RIGHT(B27,3))<=35),"Planning & Pilot", AND(VALUE(RIGHT(B27,3))>=39,VALUE(RIGHT(B27,3))<=42),"Planning & Pilot", AND(VALUE(RIGHT(B27,3))>=6,VALUE(RIGHT(B27,3))<=10),"Rollout & Adoption", AND(VALUE(RIGHT(B27,3))>=16,VALUE(RIGHT(B27,3))<=20),"Rollout & Adoption", AND(VALUE(RIGHT(B27,3))>=25,VALUE(RIGHT(B27,3))<=26),"Rollout & Adoption", AND(VALUE(RIGHT(B27,3))>=31,VALUE(RIGHT(B27,3))<=32),"Rollout & Adoption", AND(VALUE(RIGHT(B27,3))>=36,VALUE(RIGHT(B27,3))<=38),"Rollout & Adoption", VALUE(RIGHT(B27,3))=43,"Rollout & Adoption", VALUE(RIGHT(B27,3))=44,"Stabilization & Reporting" ) -> Rollout & Adoption | E27: =IFERROR(VLOOKUP(B27,Rules!A:F,2,FALSE),"") -> Department Managers | F27: Low | G27: 46228 | H27: =IFERROR(VLOOKUP(B27,Rules!A:F,6,FALSE),"") -> SEC-025 | I27: =IFERROR(VLOOKUP(B27,Rules!A:F,4,FALSE),"") -> To Do | J27: =IFERROR(VLOOKUP(B27,Rules!A:F,5,FALSE),"") -> Medium | K27: monitoring function | L27: {=IF( I27="Done", G27, IF( G27<TODAY(), TODAY()+ SWITCH( I27, "To Do", XLOOKUP(D27, Timeline!A:A, Timeline!D:D), "In Progress", XLOOKUP(D27, Timeline!A:A, Timeline!E:E), "Review", XLOOKUP(D27, Timeline!A:A, Timeline!F:F), "Blocked", XLOOKUP(D27, Timeline!A:A, Timeline!G:G), 7 ), G27 ) )} -> 46228
A28: =IFS( VALUE(RIGHT(B28,3))<=10,"Identity Security & MFA Enablement", VALUE(RIGHT(B28,3))<=20,"Security Awareness & Human Risk Reduction", VALUE(RIGHT(B28,3))<=26,"Policy Compliance & Governance", VALUE(RIGHT(B28,3))<=32,"Incident Intake & Escalation Modernization", VALUE(RIGHT(B28,3))<=38,"Stakeholder Engagement & Change Management", VALUE(RIGHT(B28,3))<=44,"Program Reporting & Delivery Governance" ) -> Incident Intake & Escalation Modernization | B28: ="SEC-"&TEXT(ROW()-1,"000") -> SEC-027 | C28: =SWITCH( VALUE(RIGHT(B28,3)), 1,"Identify MFA pilot user group", 2,"Validate SSO compatibility", 3,"Define MFA exception process", 4,"Draft employee MFA communications", 5,"Configure MFA pilot environment", 6,"Launch MFA pilot deployment", 7,"Resolve pilot user issues", 8,"Evaluate pilot adoption metrics", 9,"Prepare phased enterprise rollout", 10,"Launch organization-wide MFA deployment", 11,"Assess existing security training content", 12,"Select phishing-awareness training modules", 13,"Configure LMS training content", 14,"Design phishing simulation campaign", 15,"Pilot phishing-awareness training", 16,"Launch mandatory employee training", 17,"Monitor completion rates by department", 18,"Send training reminder communications", 19,"Evaluate phishing simulation results", 20,"Recommend targeted retraining groups", 21,"Review existing cybersecurity policies", 22,"Update acceptable-use policy", 23,"Revise password and credential standards", 24,"Configure employee acknowledgment workflow", 25,"Launch policy attestation campaign", 26,"Monitor policy completion compliance", 27,"Document current incident reporting workflow", 28,"Identify reporting bottlenecks", 29,"Design revised escalation process", 30,"Develop incident reporting templates", 31,"Train managers on escalation procedures", 32,"Launch updated reporting process", 33,"Identify stakeholder groups", 34,"Develop communication strategy", 35,"Draft executive kickoff briefing", 36,"Publish employee FAQ document", 37,"Conduct biweekly stakeholder reviews", 38,"Coordinate adoption feedback sessions", 39,"Establish weekly reporting cadence", 40,"Build RAID log template", 41,"Create executive status report template", 42,"Establish milestone tracking framework", 43,"Conduct weekly program status review", 44,"Compile monthly executive updates" ) -> Document current incident reporting workflow | D28: =IFS( VALUE(RIGHT(B28,3))<=5,"Planning & Pilot", AND(VALUE(RIGHT(B28,3))>=11,VALUE(RIGHT(B28,3))<=15),"Planning & Pilot", AND(VALUE(RIGHT(B28,3))>=21,VALUE(RIGHT(B28,3))<=24),"Planning & Pilot", AND(VALUE(RIGHT(B28,3))>=27,VALUE(RIGHT(B28,3))<=30),"Planning & Pilot", AND(VALUE(RIGHT(B28,3))>=33,VALUE(RIGHT(B28,3))<=35),"Planning & Pilot", AND(VALUE(RIGHT(B28,3))>=39,VALUE(RIGHT(B28,3))<=42),"Planning & Pilot", AND(VALUE(RIGHT(B28,3))>=6,VALUE(RIGHT(B28,3))<=10),"Rollout & Adoption", AND(VALUE(RIGHT(B28,3))>=16,VALUE(RIGHT(B28,3))<=20),"Rollout & Adoption", AND(VALUE(RIGHT(B28,3))>=25,VALUE(RIGHT(B28,3))<=26),"Rollout & Adoption", AND(VALUE(RIGHT(B28,3))>=31,VALUE(RIGHT(B28,3))<=32),"Rollout & Adoption", AND(VALUE(RIGHT(B28,3))>=36,VALUE(RIGHT(B28,3))<=38),"Rollout & Adoption", VALUE(RIGHT(B28,3))=43,"Rollout & Adoption", VALUE(RIGHT(B28,3))=44,"Stabilization & Reporting" ) -> Planning & Pilot | E28: =IFERROR(VLOOKUP(B28,Rules!A:F,2,FALSE),"") -> IT Security Team | F28: =IFERROR(VLOOKUP(B28,Rules!A:F,3,FALSE),"") -> Medium | G28: 46182 | H28: =IFERROR(VLOOKUP(B28,Rules!A:F,6,FALSE),"") | I28: In Progress | J28: =IFERROR(VLOOKUP(B28,Rules!A:F,5,FALSE),"") -> Medium | L28: {=IF( I28="Done", G28, IF( G28<TODAY(), TODAY()+ SWITCH( I28, "To Do", XLOOKUP(D28, Timeline!A:A, Timeline!D:D), "In Progress", XLOOKUP(D28, Timeline!A:A, Timeline!E:E), "Review", XLOOKUP(D28, Timeline!A:A, Timeline!F:F), "Blocked", XLOOKUP(D28, Timeline!A:A, Timeline!G:G), 7 ), G28 ) )} -> 46182
A29: =IFS( VALUE(RIGHT(B29,3))<=10,"Identity Security & MFA Enablement", VALUE(RIGHT(B29,3))<=20,"Security Awareness & Human Risk Reduction", VALUE(RIGHT(B29,3))<=26,"Policy Compliance & Governance", VALUE(RIGHT(B29,3))<=32,"Incident Intake & Escalation Modernization", VALUE(RIGHT(B29,3))<=38,"Stakeholder Engagement & Change Management", VALUE(RIGHT(B29,3))<=44,"Program Reporting & Delivery Governance" ) -> Incident Intake & Escalation Modernization | B29: ="SEC-"&TEXT(ROW()-1,"000") -> SEC-028 | C29: =SWITCH( VALUE(RIGHT(B29,3)), 1,"Identify MFA pilot user group", 2,"Validate SSO compatibility", 3,"Define MFA exception process", 4,"Draft employee MFA communications", 5,"Configure MFA pilot environment", 6,"Launch MFA pilot deployment", 7,"Resolve pilot user issues", 8,"Evaluate pilot adoption metrics", 9,"Prepare phased enterprise rollout", 10,"Launch organization-wide MFA deployment", 11,"Assess existing security training content", 12,"Select phishing-awareness training modules", 13,"Configure LMS training content", 14,"Design phishing simulation campaign", 15,"Pilot phishing-awareness training", 16,"Launch mandatory employee training", 17,"Monitor completion rates by department", 18,"Send training reminder communications", 19,"Evaluate phishing simulation results", 20,"Recommend targeted retraining groups", 21,"Review existing cybersecurity policies", 22,"Update acceptable-use policy", 23,"Revise password and credential standards", 24,"Configure employee acknowledgment workflow", 25,"Launch policy attestation campaign", 26,"Monitor policy completion compliance", 27,"Document current incident reporting workflow", 28,"Identify reporting bottlenecks", 29,"Design revised escalation process", 30,"Develop incident reporting templates", 31,"Train managers on escalation procedures", 32,"Launch updated reporting process", 33,"Identify stakeholder groups", 34,"Develop communication strategy", 35,"Draft executive kickoff briefing", 36,"Publish employee FAQ document", 37,"Conduct biweekly stakeholder reviews", 38,"Coordinate adoption feedback sessions", 39,"Establish weekly reporting cadence", 40,"Build RAID log template", 41,"Create executive status report template", 42,"Establish milestone tracking framework", 43,"Conduct weekly program status review", 44,"Compile monthly executive updates" ) -> Identify reporting bottlenecks | D29: =IFS( VALUE(RIGHT(B29,3))<=5,"Planning & Pilot", AND(VALUE(RIGHT(B29,3))>=11,VALUE(RIGHT(B29,3))<=15),"Planning & Pilot", AND(VALUE(RIGHT(B29,3))>=21,VALUE(RIGHT(B29,3))<=24),"Planning & Pilot", AND(VALUE(RIGHT(B29,3))>=27,VALUE(RIGHT(B29,3))<=30),"Planning & Pilot", AND(VALUE(RIGHT(B29,3))>=33,VALUE(RIGHT(B29,3))<=35),"Planning & Pilot", AND(VALUE(RIGHT(B29,3))>=39,VALUE(RIGHT(B29,3))<=42),"Planning & Pilot", AND(VALUE(RIGHT(B29,3))>=6,VALUE(RIGHT(B29,3))<=10),"Rollout & Adoption", AND(VALUE(RIGHT(B29,3))>=16,VALUE(RIGHT(B29,3))<=20),"Rollout & Adoption", AND(VALUE(RIGHT(B29,3))>=25,VALUE(RIGHT(B29,3))<=26),"Rollout & Adoption", AND(VALUE(RIGHT(B29,3))>=31,VALUE(RIGHT(B29,3))<=32),"Rollout & Adoption", AND(VALUE(RIGHT(B29,3))>=36,VALUE(RIGHT(B29,3))<=38),"Rollout & Adoption", VALUE(RIGHT(B29,3))=43,"Rollout & Adoption", VALUE(RIGHT(B29,3))=44,"Stabilization & Reporting" ) -> Planning & Pilot | E29: =IFERROR(VLOOKUP(B29,Rules!A:F,2,FALSE),"") -> IT Security Team | F29: Low | G29: 46193 | H29: =IFERROR(VLOOKUP(B29,Rules!A:F,6,FALSE),"") | I29: =IFERROR(VLOOKUP(B29,Rules!A:F,4,FALSE),"") -> To Do | J29: =IFERROR(VLOOKUP(B29,Rules!A:F,5,FALSE),"") -> Medium | K29: diagnostic work | L29: {=IF( I29="Done", G29, IF( G29<TODAY(), TODAY()+ SWITCH( I29, "To Do", XLOOKUP(D29, Timeline!A:A, Timeline!D:D), "In Progress", XLOOKUP(D29, Timeline!A:A, Timeline!E:E), "Review", XLOOKUP(D29, Timeline!A:A, Timeline!F:F), "Blocked", XLOOKUP(D29, Timeline!A:A, Timeline!G:G), 7 ), G29 ) )} -> 46193
A30: =IFS( VALUE(RIGHT(B30,3))<=10,"Identity Security & MFA Enablement", VALUE(RIGHT(B30,3))<=20,"Security Awareness & Human Risk Reduction", VALUE(RIGHT(B30,3))<=26,"Policy Compliance & Governance", VALUE(RIGHT(B30,3))<=32,"Incident Intake & Escalation Modernization", VALUE(RIGHT(B30,3))<=38,"Stakeholder Engagement & Change Management", VALUE(RIGHT(B30,3))<=44,"Program Reporting & Delivery Governance" ) -> Incident Intake & Escalation Modernization | B30: ="SEC-"&TEXT(ROW()-1,"000") -> SEC-029 | C30: =SWITCH( VALUE(RIGHT(B30,3)), 1,"Identify MFA pilot user group", 2,"Validate SSO compatibility", 3,"Define MFA exception process", 4,"Draft employee MFA communications", 5,"Configure MFA pilot environment", 6,"Launch MFA pilot deployment", 7,"Resolve pilot user issues", 8,"Evaluate pilot adoption metrics", 9,"Prepare phased enterprise rollout", 10,"Launch organization-wide MFA deployment", 11,"Assess existing security training content", 12,"Select phishing-awareness training modules", 13,"Configure LMS training content", 14,"Design phishing simulation campaign", 15,"Pilot phishing-awareness training", 16,"Launch mandatory employee training", 17,"Monitor completion rates by department", 18,"Send training reminder communications", 19,"Evaluate phishing simulation results", 20,"Recommend targeted retraining groups", 21,"Review existing cybersecurity policies", 22,"Update acceptable-use policy", 23,"Revise password and credential standards", 24,"Configure employee acknowledgment workflow", 25,"Launch policy attestation campaign", 26,"Monitor policy completion compliance", 27,"Document current incident reporting workflow", 28,"Identify reporting bottlenecks", 29,"Design revised escalation process", 30,"Develop incident reporting templates", 31,"Train managers on escalation procedures", 32,"Launch updated reporting process", 33,"Identify stakeholder groups", 34,"Develop communication strategy", 35,"Draft executive kickoff briefing", 36,"Publish employee FAQ document", 37,"Conduct biweekly stakeholder reviews", 38,"Coordinate adoption feedback sessions", 39,"Establish weekly reporting cadence", 40,"Build RAID log template", 41,"Create executive status report template", 42,"Establish milestone tracking framework", 43,"Conduct weekly program status review", 44,"Compile monthly executive updates" ) -> Design revised escalation process | D30: =IFS( VALUE(RIGHT(B30,3))<=5,"Planning & Pilot", AND(VALUE(RIGHT(B30,3))>=11,VALUE(RIGHT(B30,3))<=15),"Planning & Pilot", AND(VALUE(RIGHT(B30,3))>=21,VALUE(RIGHT(B30,3))<=24),"Planning & Pilot", AND(VALUE(RIGHT(B30,3))>=27,VALUE(RIGHT(B30,3))<=30),"Planning & Pilot", AND(VALUE(RIGHT(B30,3))>=33,VALUE(RIGHT(B30,3))<=35),"Planning & Pilot", AND(VALUE(RIGHT(B30,3))>=39,VALUE(RIGHT(B30,3))<=42),"Planning & Pilot", AND(VALUE(RIGHT(B30,3))>=6,VALUE(RIGHT(B30,3))<=10),"Rollout & Adoption", AND(VALUE(RIGHT(B30,3))>=16,VALUE(RIGHT(B30,3))<=20),"Rollout & Adoption", AND(VALUE(RIGHT(B30,3))>=25,VALUE(RIGHT(B30,3))<=26),"Rollout & Adoption", AND(VALUE(RIGHT(B30,3))>=31,VALUE(RIGHT(B30,3))<=32),"Rollout & Adoption", AND(VALUE(RIGHT(B30,3))>=36,VALUE(RIGHT(B30,3))<=38),"Rollout & Adoption", VALUE(RIGHT(B30,3))=43,"Rollout & Adoption", VALUE(RIGHT(B30,3))=44,"Stabilization & Reporting" ) -> Planning & Pilot | E30: =IFERROR(VLOOKUP(B30,Rules!A:F,2,FALSE),"") -> IT Security Team | F30: =IFERROR(VLOOKUP(B30,Rules!A:F,3,FALSE),"") -> Medium | G30: 46193 | H30: =IFERROR(VLOOKUP(B30,Rules!A:F,6,FALSE),"") -> SEC-027, SEC-028 | I30: =IFERROR(VLOOKUP(B30,Rules!A:F,4,FALSE),"") -> In Progress | J30: =IFERROR(VLOOKUP(B30,Rules!A:F,5,FALSE),"") -> Medium | L30: {=IF( I30="Done", G30, IF( G30<TODAY(), TODAY()+ SWITCH( I30, "To Do", XLOOKUP(D30, Timeline!A:A, Timeline!D:D), "In Progress", XLOOKUP(D30, Timeline!A:A, Timeline!E:E), "Review", XLOOKUP(D30, Timeline!A:A, Timeline!F:F), "Blocked", XLOOKUP(D30, Timeline!A:A, Timeline!G:G), 7 ), G30 ) )} -> 46193
A31: =IFS( VALUE(RIGHT(B31,3))<=10,"Identity Security & MFA Enablement", VALUE(RIGHT(B31,3))<=20,"Security Awareness & Human Risk Reduction", VALUE(RIGHT(B31,3))<=26,"Policy Compliance & Governance", VALUE(RIGHT(B31,3))<=32,"Incident Intake & Escalation Modernization", VALUE(RIGHT(B31,3))<=38,"Stakeholder Engagement & Change Management", VALUE(RIGHT(B31,3))<=44,"Program Reporting & Delivery Governance" ) -> Incident Intake & Escalation Modernization | B31: ="SEC-"&TEXT(ROW()-1,"000") -> SEC-030 | C31: =SWITCH( VALUE(RIGHT(B31,3)), 1,"Identify MFA pilot user group", 2,"Validate SSO compatibility", 3,"Define MFA exception process", 4,"Draft employee MFA communications", 5,"Configure MFA pilot environment", 6,"Launch MFA pilot deployment", 7,"Resolve pilot user issues", 8,"Evaluate pilot adoption metrics", 9,"Prepare phased enterprise rollout", 10,"Launch organization-wide MFA deployment", 11,"Assess existing security training content", 12,"Select phishing-awareness training modules", 13,"Configure LMS training content", 14,"Design phishing simulation campaign", 15,"Pilot phishing-awareness training", 16,"Launch mandatory employee training", 17,"Monitor completion rates by department", 18,"Send training reminder communications", 19,"Evaluate phishing simulation results", 20,"Recommend targeted retraining groups", 21,"Review existing cybersecurity policies", 22,"Update acceptable-use policy", 23,"Revise password and credential standards", 24,"Configure employee acknowledgment workflow", 25,"Launch policy attestation campaign", 26,"Monitor policy completion compliance", 27,"Document current incident reporting workflow", 28,"Identify reporting bottlenecks", 29,"Design revised escalation process", 30,"Develop incident reporting templates", 31,"Train managers on escalation procedures", 32,"Launch updated reporting process", 33,"Identify stakeholder groups", 34,"Develop communication strategy", 35,"Draft executive kickoff briefing", 36,"Publish employee FAQ document", 37,"Conduct biweekly stakeholder reviews", 38,"Coordinate adoption feedback sessions", 39,"Establish weekly reporting cadence", 40,"Build RAID log template", 41,"Create executive status report template", 42,"Establish milestone tracking framework", 43,"Conduct weekly program status review", 44,"Compile monthly executive updates" ) -> Develop incident reporting templates | D31: =IFS( VALUE(RIGHT(B31,3))<=5,"Planning & Pilot", AND(VALUE(RIGHT(B31,3))>=11,VALUE(RIGHT(B31,3))<=15),"Planning & Pilot", AND(VALUE(RIGHT(B31,3))>=21,VALUE(RIGHT(B31,3))<=24),"Planning & Pilot", AND(VALUE(RIGHT(B31,3))>=27,VALUE(RIGHT(B31,3))<=30),"Planning & Pilot", AND(VALUE(RIGHT(B31,3))>=33,VALUE(RIGHT(B31,3))<=35),"Planning & Pilot", AND(VALUE(RIGHT(B31,3))>=39,VALUE(RIGHT(B31,3))<=42),"Planning & Pilot", AND(VALUE(RIGHT(B31,3))>=6,VALUE(RIGHT(B31,3))<=10),"Rollout & Adoption", AND(VALUE(RIGHT(B31,3))>=16,VALUE(RIGHT(B31,3))<=20),"Rollout & Adoption", AND(VALUE(RIGHT(B31,3))>=25,VALUE(RIGHT(B31,3))<=26),"Rollout & Adoption", AND(VALUE(RIGHT(B31,3))>=31,VALUE(RIGHT(B31,3))<=32),"Rollout & Adoption", AND(VALUE(RIGHT(B31,3))>=36,VALUE(RIGHT(B31,3))<=38),"Rollout & Adoption", VALUE(RIGHT(B31,3))=43,"Rollout & Adoption", VALUE(RIGHT(B31,3))=44,"Stabilization & Reporting" ) -> Planning & Pilot | E31: =IFERROR(VLOOKUP(B31,Rules!A:F,2,FALSE),"") -> IT Security Team | F31: =IFERROR(VLOOKUP(B31,Rules!A:F,3,FALSE),"") -> Medium | G31: 46195 | H31: =IFERROR(VLOOKUP(B31,Rules!A:F,6,FALSE),"") -> SEC-029 | I31: =IFERROR(VLOOKUP(B31,Rules!A:F,4,FALSE),"") -> Review | J31: =IFERROR(VLOOKUP(B31,Rules!A:F,5,FALSE),"") -> Medium | L31: {=IF( I31="Done", G31, IF( G31<TODAY(), TODAY()+ SWITCH( I31, "To Do", XLOOKUP(D31, Timeline!A:A, Timeline!D:D), "In Progress", XLOOKUP(D31, Timeline!A:A, Timeline!E:E), "Review", XLOOKUP(D31, Timeline!A:A, Timeline!F:F), "Blocked", XLOOKUP(D31, Timeline!A:A, Timeline!G:G), 7 ), G31 ) )} -> 46195
A32: =IFS( VALUE(RIGHT(B32,3))<=10,"Identity Security & MFA Enablement", VALUE(RIGHT(B32,3))<=20,"Security Awareness & Human Risk Reduction", VALUE(RIGHT(B32,3))<=26,"Policy Compliance & Governance", VALUE(RIGHT(B32,3))<=32,"Incident Intake & Escalation Modernization", VALUE(RIGHT(B32,3))<=38,"Stakeholder Engagement & Change Management", VALUE(RIGHT(B32,3))<=44,"Program Reporting & Delivery Governance" ) -> Incident Intake & Escalation Modernization | B32: ="SEC-"&TEXT(ROW()-1,"000") -> SEC-031 | C32: =SWITCH( VALUE(RIGHT(B32,3)), 1,"Identify MFA pilot user group", 2,"Validate SSO compatibility", 3,"Define MFA exception process", 4,"Draft employee MFA communications", 5,"Configure MFA pilot environment", 6,"Launch MFA pilot deployment", 7,"Resolve pilot user issues", 8,"Evaluate pilot adoption metrics", 9,"Prepare phased enterprise rollout", 10,"Launch organization-wide MFA deployment", 11,"Assess existing security training content", 12,"Select phishing-awareness training modules", 13,"Configure LMS training content", 14,"Design phishing simulation campaign", 15,"Pilot phishing-awareness training", 16,"Launch mandatory employee training", 17,"Monitor completion rates by department", 18,"Send training reminder communications", 19,"Evaluate phishing simulation results", 20,"Recommend targeted retraining groups", 21,"Review existing cybersecurity policies", 22,"Update acceptable-use policy", 23,"Revise password and credential standards", 24,"Configure employee acknowledgment workflow", 25,"Launch policy attestation campaign", 26,"Monitor policy completion compliance", 27,"Document current incident reporting workflow", 28,"Identify reporting bottlenecks", 29,"Design revised escalation process", 30,"Develop incident reporting templates", 31,"Train managers on escalation procedures", 32,"Launch updated reporting process", 33,"Identify stakeholder groups", 34,"Develop communication strategy", 35,"Draft executive kickoff briefing", 36,"Publish employee FAQ document", 37,"Conduct biweekly stakeholder reviews", 38,"Coordinate adoption feedback sessions", 39,"Establish weekly reporting cadence", 40,"Build RAID log template", 41,"Create executive status report template", 42,"Establish milestone tracking framework", 43,"Conduct weekly program status review", 44,"Compile monthly executive updates" ) -> Train managers on escalation procedures | D32: =IFS( VALUE(RIGHT(B32,3))<=5,"Planning & Pilot", AND(VALUE(RIGHT(B32,3))>=11,VALUE(RIGHT(B32,3))<=15),"Planning & Pilot", AND(VALUE(RIGHT(B32,3))>=21,VALUE(RIGHT(B32,3))<=24),"Planning & Pilot", AND(VALUE(RIGHT(B32,3))>=27,VALUE(RIGHT(B32,3))<=30),"Planning & Pilot", AND(VALUE(RIGHT(B32,3))>=33,VALUE(RIGHT(B32,3))<=35),"Planning & Pilot", AND(VALUE(RIGHT(B32,3))>=39,VALUE(RIGHT(B32,3))<=42),"Planning & Pilot", AND(VALUE(RIGHT(B32,3))>=6,VALUE(RIGHT(B32,3))<=10),"Rollout & Adoption", AND(VALUE(RIGHT(B32,3))>=16,VALUE(RIGHT(B32,3))<=20),"Rollout & Adoption", AND(VALUE(RIGHT(B32,3))>=25,VALUE(RIGHT(B32,3))<=26),"Rollout & Adoption", AND(VALUE(RIGHT(B32,3))>=31,VALUE(RIGHT(B32,3))<=32),"Rollout & Adoption", AND(VALUE(RIGHT(B32,3))>=36,VALUE(RIGHT(B32,3))<=38),"Rollout & Adoption", VALUE(RIGHT(B32,3))=43,"Rollout & Adoption", VALUE(RIGHT(B32,3))=44,"Stabilization & Reporting" ) -> Rollout & Adoption | E32: =IFERROR(VLOOKUP(B32,Rules!A:F,2,FALSE),"") -> Department Managers | F32: =IFERROR(VLOOKUP(B32,Rules!A:F,3,FALSE),"") -> Medium | G32: 46270 | H32: =IFERROR(VLOOKUP(B32,Rules!A:F,6,FALSE),"") -> SEC-029, SEC-030 | I32: =IFERROR(VLOOKUP(B32,Rules!A:F,4,FALSE),"") -> To Do | J32: =IFERROR(VLOOKUP(B32,Rules!A:F,5,FALSE),"") -> Medium | L32: {=IF( I32="Done", G32, IF( G32<TODAY(), TODAY()+ SWITCH( I32, "To Do", XLOOKUP(D32, Timeline!A:A, Timeline!D:D), "In Progress", XLOOKUP(D32, Timeline!A:A, Timeline!E:E), "Review", XLOOKUP(D32, Timeline!A:A, Timeline!F:F), "Blocked", XLOOKUP(D32, Timeline!A:A, Timeline!G:G), 7 ), G32 ) )} -> 46270
A33: =IFS( VALUE(RIGHT(B33,3))<=10,"Identity Security & MFA Enablement", VALUE(RIGHT(B33,3))<=20,"Security Awareness & Human Risk Reduction", VALUE(RIGHT(B33,3))<=26,"Policy Compliance & Governance", VALUE(RIGHT(B33,3))<=32,"Incident Intake & Escalation Modernization", VALUE(RIGHT(B33,3))<=38,"Stakeholder Engagement & Change Management", VALUE(RIGHT(B33,3))<=44,"Program Reporting & Delivery Governance" ) -> Incident Intake & Escalation Modernization | B33: ="SEC-"&TEXT(ROW()-1,"000") -> SEC-032 | C33: =SWITCH( VALUE(RIGHT(B33,3)), 1,"Identify MFA pilot user group", 2,"Validate SSO compatibility", 3,"Define MFA exception process", 4,"Draft employee MFA communications", 5,"Configure MFA pilot environment", 6,"Launch MFA pilot deployment", 7,"Resolve pilot user issues", 8,"Evaluate pilot adoption metrics", 9,"Prepare phased enterprise rollout", 10,"Launch organization-wide MFA deployment", 11,"Assess existing security training content", 12,"Select phishing-awareness training modules", 13,"Configure LMS training content", 14,"Design phishing simulation campaign", 15,"Pilot phishing-awareness training", 16,"Launch mandatory employee training", 17,"Monitor completion rates by department", 18,"Send training reminder communications", 19,"Evaluate phishing simulation results", 20,"Recommend targeted retraining groups", 21,"Review existing cybersecurity policies", 22,"Update acceptable-use policy", 23,"Revise password and credential standards", 24,"Configure employee acknowledgment workflow", 25,"Launch policy attestation campaign", 26,"Monitor policy completion compliance", 27,"Document current incident reporting workflow", 28,"Identify reporting bottlenecks", 29,"Design revised escalation process", 30,"Develop incident reporting templates", 31,"Train managers on escalation procedures", 32,"Launch updated reporting process", 33,"Identify stakeholder groups", 34,"Develop communication strategy", 35,"Draft executive kickoff briefing", 36,"Publish employee FAQ document", 37,"Conduct biweekly stakeholder reviews", 38,"Coordinate adoption feedback sessions", 39,"Establish weekly reporting cadence", 40,"Build RAID log template", 41,"Create executive status report template", 42,"Establish milestone tracking framework", 43,"Conduct weekly program status review", 44,"Compile monthly executive updates" ) -> Launch updated reporting process | D33: =IFS( VALUE(RIGHT(B33,3))<=5,"Planning & Pilot", AND(VALUE(RIGHT(B33,3))>=11,VALUE(RIGHT(B33,3))<=15),"Planning & Pilot", AND(VALUE(RIGHT(B33,3))>=21,VALUE(RIGHT(B33,3))<=24),"Planning & Pilot", AND(VALUE(RIGHT(B33,3))>=27,VALUE(RIGHT(B33,3))<=30),"Planning & Pilot", AND(VALUE(RIGHT(B33,3))>=33,VALUE(RIGHT(B33,3))<=35),"Planning & Pilot", AND(VALUE(RIGHT(B33,3))>=39,VALUE(RIGHT(B33,3))<=42),"Planning & Pilot", AND(VALUE(RIGHT(B33,3))>=6,VALUE(RIGHT(B33,3))<=10),"Rollout & Adoption", AND(VALUE(RIGHT(B33,3))>=16,VALUE(RIGHT(B33,3))<=20),"Rollout & Adoption", AND(VALUE(RIGHT(B33,3))>=25,VALUE(RIGHT(B33,3))<=26),"Rollout & Adoption", AND(VALUE(RIGHT(B33,3))>=31,VALUE(RIGHT(B33,3))<=32),"Rollout & Adoption", AND(VALUE(RIGHT(B33,3))>=36,VALUE(RIGHT(B33,3))<=38),"Rollout & Adoption", VALUE(RIGHT(B33,3))=43,"Rollout & Adoption", VALUE(RIGHT(B33,3))=44,"Stabilization & Reporting" ) -> Rollout & Adoption | E33: =IFERROR(VLOOKUP(B33,Rules!A:F,2,FALSE),"") -> Security Transformation Lead | F33: =IFERROR(VLOOKUP(B33,Rules!A:F,3,FALSE),"") -> High | G33: 46259 | H33: =IFERROR(VLOOKUP(B33,Rules!A:F,6,FALSE),"") -> SEC-029, SEC-030, SEC-031 | I33: In Progress | J33: =IFERROR(VLOOKUP(B33,Rules!A:F,5,FALSE),"") -> High | K33: Manager training completion required before launch | L33: {=IF( I33="Done", G33, IF( G33<TODAY(), TODAY()+ SWITCH( I33, "To Do", XLOOKUP(D33, Timeline!A:A, Timeline!D:D), "In Progress", XLOOKUP(D33, Timeline!A:A, Timeline!E:E), "Review", XLOOKUP(D33, Timeline!A:A, Timeline!F:F), "Blocked", XLOOKUP(D33, Timeline!A:A, Timeline!G:G), 7 ), G33 ) )} -> 46259
A34: =IFS( VALUE(RIGHT(B34,3))<=10,"Identity Security & MFA Enablement", VALUE(RIGHT(B34,3))<=20,"Security Awareness & Human Risk Reduction", VALUE(RIGHT(B34,3))<=26,"Policy Compliance & Governance", VALUE(RIGHT(B34,3))<=32,"Incident Intake & Escalation Modernization", VALUE(RIGHT(B34,3))<=38,"Stakeholder Engagement & Change Management", VALUE(RIGHT(B34,3))<=44,"Program Reporting & Delivery Governance" ) -> Stakeholder Engagement & Change Management | B34: ="SEC-"&TEXT(ROW()-1,"000") -> SEC-033 | C34: =SWITCH( VALUE(RIGHT(B34,3)), 1,"Identify MFA pilot user group", 2,"Validate SSO compatibility", 3,"Define MFA exception process", 4,"Draft employee MFA communications", 5,"Configure MFA pilot environment", 6,"Launch MFA pilot deployment", 7,"Resolve pilot user issues", 8,"Evaluate pilot adoption metrics", 9,"Prepare phased enterprise rollout", 10,"Launch organization-wide MFA deployment", 11,"Assess existing security training content", 12,"Select phishing-awareness training modules", 13,"Configure LMS training content", 14,"Design phishing simulation campaign", 15,"Pilot phishing-awareness training", 16,"Launch mandatory employee training", 17,"Monitor completion rates by department", 18,"Send training reminder communications", 19,"Evaluate phishing simulation results", 20,"Recommend targeted retraining groups", 21,"Review existing cybersecurity policies", 22,"Update acceptable-use policy", 23,"Revise password and credential standards", 24,"Configure employee acknowledgment workflow", 25,"Launch policy attestation campaign", 26,"Monitor policy completion compliance", 27,"Document current incident reporting workflow", 28,"Identify reporting bottlenecks", 29,"Design revised escalation process", 30,"Develop incident reporting templates", 31,"Train managers on escalation procedures", 32,"Launch updated reporting process", 33,"Identify stakeholder groups", 34,"Develop communication strategy", 35,"Draft executive kickoff briefing", 36,"Publish employee FAQ document", 37,"Conduct biweekly stakeholder reviews", 38,"Coordinate adoption feedback sessions", 39,"Establish weekly reporting cadence", 40,"Build RAID log template", 41,"Create executive status report template", 42,"Establish milestone tracking framework", 43,"Conduct weekly program status review", 44,"Compile monthly executive updates" ) -> Identify stakeholder groups | D34: =IFS( VALUE(RIGHT(B34,3))<=5,"Planning & Pilot", AND(VALUE(RIGHT(B34,3))>=11,VALUE(RIGHT(B34,3))<=15),"Planning & Pilot", AND(VALUE(RIGHT(B34,3))>=21,VALUE(RIGHT(B34,3))<=24),"Planning & Pilot", AND(VALUE(RIGHT(B34,3))>=27,VALUE(RIGHT(B34,3))<=30),"Planning & Pilot", AND(VALUE(RIGHT(B34,3))>=33,VALUE(RIGHT(B34,3))<=35),"Planning & Pilot", AND(VALUE(RIGHT(B34,3))>=39,VALUE(RIGHT(B34,3))<=42),"Planning & Pilot", AND(VALUE(RIGHT(B34,3))>=6,VALUE(RIGHT(B34,3))<=10),"Rollout & Adoption", AND(VALUE(RIGHT(B34,3))>=16,VALUE(RIGHT(B34,3))<=20),"Rollout & Adoption", AND(VALUE(RIGHT(B34,3))>=25,VALUE(RIGHT(B34,3))<=26),"Rollout & Adoption", AND(VALUE(RIGHT(B34,3))>=31,VALUE(RIGHT(B34,3))<=32),"Rollout & Adoption", AND(VALUE(RIGHT(B34,3))>=36,VALUE(RIGHT(B34,3))<=38),"Rollout & Adoption", VALUE(RIGHT(B34,3))=43,"Rollout & Adoption", VALUE(RIGHT(B34,3))=44,"Stabilization & Reporting" ) -> Planning & Pilot | E34: =IFERROR(VLOOKUP(B34,Rules!A:F,2,FALSE),"") -> PMO / Governance Support | F34: =IFERROR(VLOOKUP(B34,Rules!A:F,3,FALSE),"") -> Medium | G34: 46184 | H34: =IFERROR(VLOOKUP(B34,Rules!A:F,6,FALSE),"") | I34: Review | J34: =IFERROR(VLOOKUP(B34,Rules!A:F,5,FALSE),"") -> Low | L34: {=IF( I34="Done", G34, IF( G34<TODAY(), TODAY()+ SWITCH( I34, "To Do", XLOOKUP(D34, Timeline!A:A, Timeline!D:D), "In Progress", XLOOKUP(D34, Timeline!A:A, Timeline!E:E), "Review", XLOOKUP(D34, Timeline!A:A, Timeline!F:F), "Blocked", XLOOKUP(D34, Timeline!A:A, Timeline!G:G), 7 ), G34 ) )} -> 46184
A35: =IFS( VALUE(RIGHT(B35,3))<=10,"Identity Security & MFA Enablement", VALUE(RIGHT(B35,3))<=20,"Security Awareness & Human Risk Reduction", VALUE(RIGHT(B35,3))<=26,"Policy Compliance & Governance", VALUE(RIGHT(B35,3))<=32,"Incident Intake & Escalation Modernization", VALUE(RIGHT(B35,3))<=38,"Stakeholder Engagement & Change Management", VALUE(RIGHT(B35,3))<=44,"Program Reporting & Delivery Governance" ) -> Stakeholder Engagement & Change Management | B35: ="SEC-"&TEXT(ROW()-1,"000") -> SEC-034 | C35: =SWITCH( VALUE(RIGHT(B35,3)), 1,"Identify MFA pilot user group", 2,"Validate SSO compatibility", 3,"Define MFA exception process", 4,"Draft employee MFA communications", 5,"Configure MFA pilot environment", 6,"Launch MFA pilot deployment", 7,"Resolve pilot user issues", 8,"Evaluate pilot adoption metrics", 9,"Prepare phased enterprise rollout", 10,"Launch organization-wide MFA deployment", 11,"Assess existing security training content", 12,"Select phishing-awareness training modules", 13,"Configure LMS training content", 14,"Design phishing simulation campaign", 15,"Pilot phishing-awareness training", 16,"Launch mandatory employee training", 17,"Monitor completion rates by department", 18,"Send training reminder communications", 19,"Evaluate phishing simulation results", 20,"Recommend targeted retraining groups", 21,"Review existing cybersecurity policies", 22,"Update acceptable-use policy", 23,"Revise password and credential standards", 24,"Configure employee acknowledgment workflow", 25,"Launch policy attestation campaign", 26,"Monitor policy completion compliance", 27,"Document current incident reporting workflow", 28,"Identify reporting bottlenecks", 29,"Design revised escalation process", 30,"Develop incident reporting templates", 31,"Train managers on escalation procedures", 32,"Launch updated reporting process", 33,"Identify stakeholder groups", 34,"Develop communication strategy", 35,"Draft executive kickoff briefing", 36,"Publish employee FAQ document", 37,"Conduct biweekly stakeholder reviews", 38,"Coordinate adoption feedback sessions", 39,"Establish weekly reporting cadence", 40,"Build RAID log template", 41,"Create executive status report template", 42,"Establish milestone tracking framework", 43,"Conduct weekly program status review", 44,"Compile monthly executive updates" ) -> Develop communication strategy | D35: =IFS( VALUE(RIGHT(B35,3))<=5,"Planning & Pilot", AND(VALUE(RIGHT(B35,3))>=11,VALUE(RIGHT(B35,3))<=15),"Planning & Pilot", AND(VALUE(RIGHT(B35,3))>=21,VALUE(RIGHT(B35,3))<=24),"Planning & Pilot", AND(VALUE(RIGHT(B35,3))>=27,VALUE(RIGHT(B35,3))<=30),"Planning & Pilot", AND(VALUE(RIGHT(B35,3))>=33,VALUE(RIGHT(B35,3))<=35),"Planning & Pilot", AND(VALUE(RIGHT(B35,3))>=39,VALUE(RIGHT(B35,3))<=42),"Planning & Pilot", AND(VALUE(RIGHT(B35,3))>=6,VALUE(RIGHT(B35,3))<=10),"Rollout & Adoption", AND(VALUE(RIGHT(B35,3))>=16,VALUE(RIGHT(B35,3))<=20),"Rollout & Adoption", AND(VALUE(RIGHT(B35,3))>=25,VALUE(RIGHT(B35,3))<=26),"Rollout & Adoption", AND(VALUE(RIGHT(B35,3))>=31,VALUE(RIGHT(B35,3))<=32),"Rollout & Adoption", AND(VALUE(RIGHT(B35,3))>=36,VALUE(RIGHT(B35,3))<=38),"Rollout & Adoption", VALUE(RIGHT(B35,3))=43,"Rollout & Adoption", VALUE(RIGHT(B35,3))=44,"Stabilization & Reporting" ) -> Planning & Pilot | E35: =IFERROR(VLOOKUP(B35,Rules!A:F,2,FALSE),"") -> PMO / Governance Support | F35: =IFERROR(VLOOKUP(B35,Rules!A:F,3,FALSE),"") -> Medium | G35: 46190 | H35: =IFERROR(VLOOKUP(B35,Rules!A:F,6,FALSE),"") -> SEC-033 | I35: In Progress | J35: =IFERROR(VLOOKUP(B35,Rules!A:F,5,FALSE),"") -> Low | L35: {=IF( I35="Done", G35, IF( G35<TODAY(), TODAY()+ SWITCH( I35, "To Do", XLOOKUP(D35, Timeline!A:A, Timeline!D:D), "In Progress", XLOOKUP(D35, Timeline!A:A, Timeline!E:E), "Review", XLOOKUP(D35, Timeline!A:A, Timeline!F:F), "Blocked", XLOOKUP(D35, Timeline!A:A, Timeline!G:G), 7 ), G35 ) )} -> 46190
A36: =IFS( VALUE(RIGHT(B36,3))<=10,"Identity Security & MFA Enablement", VALUE(RIGHT(B36,3))<=20,"Security Awareness & Human Risk Reduction", VALUE(RIGHT(B36,3))<=26,"Policy Compliance & Governance", VALUE(RIGHT(B36,3))<=32,"Incident Intake & Escalation Modernization", VALUE(RIGHT(B36,3))<=38,"Stakeholder Engagement & Change Management", VALUE(RIGHT(B36,3))<=44,"Program Reporting & Delivery Governance" ) -> Stakeholder Engagement & Change Management | B36: ="SEC-"&TEXT(ROW()-1,"000") -> SEC-035 | C36: =SWITCH( VALUE(RIGHT(B36,3)), 1,"Identify MFA pilot user group", 2,"Validate SSO compatibility", 3,"Define MFA exception process", 4,"Draft employee MFA communications", 5,"Configure MFA pilot environment", 6,"Launch MFA pilot deployment", 7,"Resolve pilot user issues", 8,"Evaluate pilot adoption metrics", 9,"Prepare phased enterprise rollout", 10,"Launch organization-wide MFA deployment", 11,"Assess existing security training content", 12,"Select phishing-awareness training modules", 13,"Configure LMS training content", 14,"Design phishing simulation campaign", 15,"Pilot phishing-awareness training", 16,"Launch mandatory employee training", 17,"Monitor completion rates by department", 18,"Send training reminder communications", 19,"Evaluate phishing simulation results", 20,"Recommend targeted retraining groups", 21,"Review existing cybersecurity policies", 22,"Update acceptable-use policy", 23,"Revise password and credential standards", 24,"Configure employee acknowledgment workflow", 25,"Launch policy attestation campaign", 26,"Monitor policy completion compliance", 27,"Document current incident reporting workflow", 28,"Identify reporting bottlenecks", 29,"Design revised escalation process", 30,"Develop incident reporting templates", 31,"Train managers on escalation procedures", 32,"Launch updated reporting process", 33,"Identify stakeholder groups", 34,"Develop communication strategy", 35,"Draft executive kickoff briefing", 36,"Publish employee FAQ document", 37,"Conduct biweekly stakeholder reviews", 38,"Coordinate adoption feedback sessions", 39,"Establish weekly reporting cadence", 40,"Build RAID log template", 41,"Create executive status report template", 42,"Establish milestone tracking framework", 43,"Conduct weekly program status review", 44,"Compile monthly executive updates" ) -> Draft executive kickoff briefing | D36: =IFS( VALUE(RIGHT(B36,3))<=5,"Planning & Pilot", AND(VALUE(RIGHT(B36,3))>=11,VALUE(RIGHT(B36,3))<=15),"Planning & Pilot", AND(VALUE(RIGHT(B36,3))>=21,VALUE(RIGHT(B36,3))<=24),"Planning & Pilot", AND(VALUE(RIGHT(B36,3))>=27,VALUE(RIGHT(B36,3))<=30),"Planning & Pilot", AND(VALUE(RIGHT(B36,3))>=33,VALUE(RIGHT(B36,3))<=35),"Planning & Pilot", AND(VALUE(RIGHT(B36,3))>=39,VALUE(RIGHT(B36,3))<=42),"Planning & Pilot", AND(VALUE(RIGHT(B36,3))>=6,VALUE(RIGHT(B36,3))<=10),"Rollout & Adoption", AND(VALUE(RIGHT(B36,3))>=16,VALUE(RIGHT(B36,3))<=20),"Rollout & Adoption", AND(VALUE(RIGHT(B36,3))>=25,VALUE(RIGHT(B36,3))<=26),"Rollout & Adoption", AND(VALUE(RIGHT(B36,3))>=31,VALUE(RIGHT(B36,3))<=32),"Rollout & Adoption", AND(VALUE(RIGHT(B36,3))>=36,VALUE(RIGHT(B36,3))<=38),"Rollout & Adoption", VALUE(RIGHT(B36,3))=43,"Rollout & Adoption", VALUE(RIGHT(B36,3))=44,"Stabilization & Reporting" ) -> Planning & Pilot | E36: =IFERROR(VLOOKUP(B36,Rules!A:F,2,FALSE),"") -> PMO / Governance Support | F36: Low | G36: 46198 | H36: =IFERROR(VLOOKUP(B36,Rules!A:F,6,FALSE),"") -> SEC-034 | I36: =IFERROR(VLOOKUP(B36,Rules!A:F,4,FALSE),"") -> To Do | J36: =IFERROR(VLOOKUP(B36,Rules!A:F,5,FALSE),"") -> Low | K36: helpful but non-blocking | L36: {=IF( I36="Done", G36, IF( G36<TODAY(), TODAY()+ SWITCH( I36, "To Do", XLOOKUP(D36, Timeline!A:A, Timeline!D:D), "In Progress", XLOOKUP(D36, Timeline!A:A, Timeline!E:E), "Review", XLOOKUP(D36, Timeline!A:A, Timeline!F:F), "Blocked", XLOOKUP(D36, Timeline!A:A, Timeline!G:G), 7 ), G36 ) )} -> 46198
A37: =IFS( VALUE(RIGHT(B37,3))<=10,"Identity Security & MFA Enablement", VALUE(RIGHT(B37,3))<=20,"Security Awareness & Human Risk Reduction", VALUE(RIGHT(B37,3))<=26,"Policy Compliance & Governance", VALUE(RIGHT(B37,3))<=32,"Incident Intake & Escalation Modernization", VALUE(RIGHT(B37,3))<=38,"Stakeholder Engagement & Change Management", VALUE(RIGHT(B37,3))<=44,"Program Reporting & Delivery Governance" ) -> Stakeholder Engagement & Change Management | B37: ="SEC-"&TEXT(ROW()-1,"000") -> SEC-036 | C37: =SWITCH( VALUE(RIGHT(B37,3)), 1,"Identify MFA pilot user group", 2,"Validate SSO compatibility", 3,"Define MFA exception process", 4,"Draft employee MFA communications", 5,"Configure MFA pilot environment", 6,"Launch MFA pilot deployment", 7,"Resolve pilot user issues", 8,"Evaluate pilot adoption metrics", 9,"Prepare phased enterprise rollout", 10,"Launch organization-wide MFA deployment", 11,"Assess existing security training content", 12,"Select phishing-awareness training modules", 13,"Configure LMS training content", 14,"Design phishing simulation campaign", 15,"Pilot phishing-awareness training", 16,"Launch mandatory employee training", 17,"Monitor completion rates by department", 18,"Send training reminder communications", 19,"Evaluate phishing simulation results", 20,"Recommend targeted retraining groups", 21,"Review existing cybersecurity policies", 22,"Update acceptable-use policy", 23,"Revise password and credential standards", 24,"Configure employee acknowledgment workflow", 25,"Launch policy attestation campaign", 26,"Monitor policy completion compliance", 27,"Document current incident reporting workflow", 28,"Identify reporting bottlenecks", 29,"Design revised escalation process", 30,"Develop incident reporting templates", 31,"Train managers on escalation procedures", 32,"Launch updated reporting process", 33,"Identify stakeholder groups", 34,"Develop communication strategy", 35,"Draft executive kickoff briefing", 36,"Publish employee FAQ document", 37,"Conduct biweekly stakeholder reviews", 38,"Coordinate adoption feedback sessions", 39,"Establish weekly reporting cadence", 40,"Build RAID log template", 41,"Create executive status report template", 42,"Establish milestone tracking framework", 43,"Conduct weekly program status review", 44,"Compile monthly executive updates" ) -> Publish employee FAQ document | D37: =IFS( VALUE(RIGHT(B37,3))<=5,"Planning & Pilot", AND(VALUE(RIGHT(B37,3))>=11,VALUE(RIGHT(B37,3))<=15),"Planning & Pilot", AND(VALUE(RIGHT(B37,3))>=21,VALUE(RIGHT(B37,3))<=24),"Planning & Pilot", AND(VALUE(RIGHT(B37,3))>=27,VALUE(RIGHT(B37,3))<=30),"Planning & Pilot", AND(VALUE(RIGHT(B37,3))>=33,VALUE(RIGHT(B37,3))<=35),"Planning & Pilot", AND(VALUE(RIGHT(B37,3))>=39,VALUE(RIGHT(B37,3))<=42),"Planning & Pilot", AND(VALUE(RIGHT(B37,3))>=6,VALUE(RIGHT(B37,3))<=10),"Rollout & Adoption", AND(VALUE(RIGHT(B37,3))>=16,VALUE(RIGHT(B37,3))<=20),"Rollout & Adoption", AND(VALUE(RIGHT(B37,3))>=25,VALUE(RIGHT(B37,3))<=26),"Rollout & Adoption", AND(VALUE(RIGHT(B37,3))>=31,VALUE(RIGHT(B37,3))<=32),"Rollout & Adoption", AND(VALUE(RIGHT(B37,3))>=36,VALUE(RIGHT(B37,3))<=38),"Rollout & Adoption", VALUE(RIGHT(B37,3))=43,"Rollout & Adoption", VALUE(RIGHT(B37,3))=44,"Stabilization & Reporting" ) -> Rollout & Adoption | E37: =IFERROR(VLOOKUP(B37,Rules!A:F,2,FALSE),"") -> PMO / Governance Support | F37: Low | G37: 46219 | H37: =IFERROR(VLOOKUP(B37,Rules!A:F,6,FALSE),"") -> SEC-034 | I37: =IFERROR(VLOOKUP(B37,Rules!A:F,4,FALSE),"") -> To Do | J37: =IFERROR(VLOOKUP(B37,Rules!A:F,5,FALSE),"") -> Low | K37: change management support | L37: {=IF( I37="Done", G37, IF( G37<TODAY(), TODAY()+ SWITCH( I37, "To Do", XLOOKUP(D37, Timeline!A:A, Timeline!D:D), "In Progress", XLOOKUP(D37, Timeline!A:A, Timeline!E:E), "Review", XLOOKUP(D37, Timeline!A:A, Timeline!F:F), "Blocked", XLOOKUP(D37, Timeline!A:A, Timeline!G:G), 7 ), G37 ) )} -> 46219
A38: =IFS( VALUE(RIGHT(B38,3))<=10,"Identity Security & MFA Enablement", VALUE(RIGHT(B38,3))<=20,"Security Awareness & Human Risk Reduction", VALUE(RIGHT(B38,3))<=26,"Policy Compliance & Governance", VALUE(RIGHT(B38,3))<=32,"Incident Intake & Escalation Modernization", VALUE(RIGHT(B38,3))<=38,"Stakeholder Engagement & Change Management", VALUE(RIGHT(B38,3))<=44,"Program Reporting & Delivery Governance" ) -> Stakeholder Engagement & Change Management | B38: ="SEC-"&TEXT(ROW()-1,"000") -> SEC-037 | C38: =SWITCH( VALUE(RIGHT(B38,3)), 1,"Identify MFA pilot user group", 2,"Validate SSO compatibility", 3,"Define MFA exception process", 4,"Draft employee MFA communications", 5,"Configure MFA pilot environment", 6,"Launch MFA pilot deployment", 7,"Resolve pilot user issues", 8,"Evaluate pilot adoption metrics", 9,"Prepare phased enterprise rollout", 10,"Launch organization-wide MFA deployment", 11,"Assess existing security training content", 12,"Select phishing-awareness training modules", 13,"Configure LMS training content", 14,"Design phishing simulation campaign", 15,"Pilot phishing-awareness training", 16,"Launch mandatory employee training", 17,"Monitor completion rates by department", 18,"Send training reminder communications", 19,"Evaluate phishing simulation results", 20,"Recommend targeted retraining groups", 21,"Review existing cybersecurity policies", 22,"Update acceptable-use policy", 23,"Revise password and credential standards", 24,"Configure employee acknowledgment workflow", 25,"Launch policy attestation campaign", 26,"Monitor policy completion compliance", 27,"Document current incident reporting workflow", 28,"Identify reporting bottlenecks", 29,"Design revised escalation process", 30,"Develop incident reporting templates", 31,"Train managers on escalation procedures", 32,"Launch updated reporting process", 33,"Identify stakeholder groups", 34,"Develop communication strategy", 35,"Draft executive kickoff briefing", 36,"Publish employee FAQ document", 37,"Conduct biweekly stakeholder reviews", 38,"Coordinate adoption feedback sessions", 39,"Establish weekly reporting cadence", 40,"Build RAID log template", 41,"Create executive status report template", 42,"Establish milestone tracking framework", 43,"Conduct weekly program status review", 44,"Compile monthly executive updates" ) -> Conduct biweekly stakeholder reviews | D38: =IFS( VALUE(RIGHT(B38,3))<=5,"Planning & Pilot", AND(VALUE(RIGHT(B38,3))>=11,VALUE(RIGHT(B38,3))<=15),"Planning & Pilot", AND(VALUE(RIGHT(B38,3))>=21,VALUE(RIGHT(B38,3))<=24),"Planning & Pilot", AND(VALUE(RIGHT(B38,3))>=27,VALUE(RIGHT(B38,3))<=30),"Planning & Pilot", AND(VALUE(RIGHT(B38,3))>=33,VALUE(RIGHT(B38,3))<=35),"Planning & Pilot", AND(VALUE(RIGHT(B38,3))>=39,VALUE(RIGHT(B38,3))<=42),"Planning & Pilot", AND(VALUE(RIGHT(B38,3))>=6,VALUE(RIGHT(B38,3))<=10),"Rollout & Adoption", AND(VALUE(RIGHT(B38,3))>=16,VALUE(RIGHT(B38,3))<=20),"Rollout & Adoption", AND(VALUE(RIGHT(B38,3))>=25,VALUE(RIGHT(B38,3))<=26),"Rollout & Adoption", AND(VALUE(RIGHT(B38,3))>=31,VALUE(RIGHT(B38,3))<=32),"Rollout & Adoption", AND(VALUE(RIGHT(B38,3))>=36,VALUE(RIGHT(B38,3))<=38),"Rollout & Adoption", VALUE(RIGHT(B38,3))=43,"Rollout & Adoption", VALUE(RIGHT(B38,3))=44,"Stabilization & Reporting" ) -> Rollout & Adoption | E38: =IFERROR(VLOOKUP(B38,Rules!A:F,2,FALSE),"") -> PMO / Governance Support | F38: =IFERROR(VLOOKUP(B38,Rules!A:F,3,FALSE),"") -> Medium | G38: 46278 | H38: =IFERROR(VLOOKUP(B38,Rules!A:F,6,FALSE),"") -> SEC-035 | I38: Review | J38: =IFERROR(VLOOKUP(B38,Rules!A:F,5,FALSE),"") -> Low | L38: {=IF( I38="Done", G38, IF( G38<TODAY(), TODAY()+ SWITCH( I38, "To Do", XLOOKUP(D38, Timeline!A:A, Timeline!D:D), "In Progress", XLOOKUP(D38, Timeline!A:A, Timeline!E:E), "Review", XLOOKUP(D38, Timeline!A:A, Timeline!F:F), "Blocked", XLOOKUP(D38, Timeline!A:A, Timeline!G:G), 7 ), G38 ) )} -> 46278
A39: =IFS( VALUE(RIGHT(B39,3))<=10,"Identity Security & MFA Enablement", VALUE(RIGHT(B39,3))<=20,"Security Awareness & Human Risk Reduction", VALUE(RIGHT(B39,3))<=26,"Policy Compliance & Governance", VALUE(RIGHT(B39,3))<=32,"Incident Intake & Escalation Modernization", VALUE(RIGHT(B39,3))<=38,"Stakeholder Engagement & Change Management", VALUE(RIGHT(B39,3))<=44,"Program Reporting & Delivery Governance" ) -> Stakeholder Engagement & Change Management | B39: ="SEC-"&TEXT(ROW()-1,"000") -> SEC-038 | C39: =SWITCH( VALUE(RIGHT(B39,3)), 1,"Identify MFA pilot user group", 2,"Validate SSO compatibility", 3,"Define MFA exception process", 4,"Draft employee MFA communications", 5,"Configure MFA pilot environment", 6,"Launch MFA pilot deployment", 7,"Resolve pilot user issues", 8,"Evaluate pilot adoption metrics", 9,"Prepare phased enterprise rollout", 10,"Launch organization-wide MFA deployment", 11,"Assess existing security training content", 12,"Select phishing-awareness training modules", 13,"Configure LMS training content", 14,"Design phishing simulation campaign", 15,"Pilot phishing-awareness training", 16,"Launch mandatory employee training", 17,"Monitor completion rates by department", 18,"Send training reminder communications", 19,"Evaluate phishing simulation results", 20,"Recommend targeted retraining groups", 21,"Review existing cybersecurity policies", 22,"Update acceptable-use policy", 23,"Revise password and credential standards", 24,"Configure employee acknowledgment workflow", 25,"Launch policy attestation campaign", 26,"Monitor policy completion compliance", 27,"Document current incident reporting workflow", 28,"Identify reporting bottlenecks", 29,"Design revised escalation process", 30,"Develop incident reporting templates", 31,"Train managers on escalation procedures", 32,"Launch updated reporting process", 33,"Identify stakeholder groups", 34,"Develop communication strategy", 35,"Draft executive kickoff briefing", 36,"Publish employee FAQ document", 37,"Conduct biweekly stakeholder reviews", 38,"Coordinate adoption feedback sessions", 39,"Establish weekly reporting cadence", 40,"Build RAID log template", 41,"Create executive status report template", 42,"Establish milestone tracking framework", 43,"Conduct weekly program status review", 44,"Compile monthly executive updates" ) -> Coordinate adoption feedback sessions | D39: =IFS( VALUE(RIGHT(B39,3))<=5,"Planning & Pilot", AND(VALUE(RIGHT(B39,3))>=11,VALUE(RIGHT(B39,3))<=15),"Planning & Pilot", AND(VALUE(RIGHT(B39,3))>=21,VALUE(RIGHT(B39,3))<=24),"Planning & Pilot", AND(VALUE(RIGHT(B39,3))>=27,VALUE(RIGHT(B39,3))<=30),"Planning & Pilot", AND(VALUE(RIGHT(B39,3))>=33,VALUE(RIGHT(B39,3))<=35),"Planning & Pilot", AND(VALUE(RIGHT(B39,3))>=39,VALUE(RIGHT(B39,3))<=42),"Planning & Pilot", AND(VALUE(RIGHT(B39,3))>=6,VALUE(RIGHT(B39,3))<=10),"Rollout & Adoption", AND(VALUE(RIGHT(B39,3))>=16,VALUE(RIGHT(B39,3))<=20),"Rollout & Adoption", AND(VALUE(RIGHT(B39,3))>=25,VALUE(RIGHT(B39,3))<=26),"Rollout & Adoption", AND(VALUE(RIGHT(B39,3))>=31,VALUE(RIGHT(B39,3))<=32),"Rollout & Adoption", AND(VALUE(RIGHT(B39,3))>=36,VALUE(RIGHT(B39,3))<=38),"Rollout & Adoption", VALUE(RIGHT(B39,3))=43,"Rollout & Adoption", VALUE(RIGHT(B39,3))=44,"Stabilization & Reporting" ) -> Rollout & Adoption | E39: =IFERROR(VLOOKUP(B39,Rules!A:F,2,FALSE),"") -> Department Managers | F39: Low | G39: 46230 | H39: =IFERROR(VLOOKUP(B39,Rules!A:F,6,FALSE),"") -> SEC-036 | I39: =IFERROR(VLOOKUP(B39,Rules!A:F,4,FALSE),"") -> To Do | J39: =IFERROR(VLOOKUP(B39,Rules!A:F,5,FALSE),"") -> Low | K39: refinement | L39: {=IF( I39="Done", G39, IF( G39<TODAY(), TODAY()+ SWITCH( I39, "To Do", XLOOKUP(D39, Timeline!A:A, Timeline!D:D), "In Progress", XLOOKUP(D39, Timeline!A:A, Timeline!E:E), "Review", XLOOKUP(D39, Timeline!A:A, Timeline!F:F), "Blocked", XLOOKUP(D39, Timeline!A:A, Timeline!G:G), 7 ), G39 ) )} -> 46230
A40: =IFS( VALUE(RIGHT(B40,3))<=10,"Identity Security & MFA Enablement", VALUE(RIGHT(B40,3))<=20,"Security Awareness & Human Risk Reduction", VALUE(RIGHT(B40,3))<=26,"Policy Compliance & Governance", VALUE(RIGHT(B40,3))<=32,"Incident Intake & Escalation Modernization", VALUE(RIGHT(B40,3))<=38,"Stakeholder Engagement & Change Management", VALUE(RIGHT(B40,3))<=44,"Program Reporting & Delivery Governance" ) -> Program Reporting & Delivery Governance | B40: ="SEC-"&TEXT(ROW()-1,"000") -> SEC-039 | C40: =SWITCH( VALUE(RIGHT(B40,3)), 1,"Identify MFA pilot user group", 2,"Validate SSO compatibility", 3,"Define MFA exception process", 4,"Draft employee MFA communications", 5,"Configure MFA pilot environment", 6,"Launch MFA pilot deployment", 7,"Resolve pilot user issues", 8,"Evaluate pilot adoption metrics", 9,"Prepare phased enterprise rollout", 10,"Launch organization-wide MFA deployment", 11,"Assess existing security training content", 12,"Select phishing-awareness training modules", 13,"Configure LMS training content", 14,"Design phishing simulation campaign", 15,"Pilot phishing-awareness training", 16,"Launch mandatory employee training", 17,"Monitor completion rates by department", 18,"Send training reminder communications", 19,"Evaluate phishing simulation results", 20,"Recommend targeted retraining groups", 21,"Review existing cybersecurity policies", 22,"Update acceptable-use policy", 23,"Revise password and credential standards", 24,"Configure employee acknowledgment workflow", 25,"Launch policy attestation campaign", 26,"Monitor policy completion compliance", 27,"Document current incident reporting workflow", 28,"Identify reporting bottlenecks", 29,"Design revised escalation process", 30,"Develop incident reporting templates", 31,"Train managers on escalation procedures", 32,"Launch updated reporting process", 33,"Identify stakeholder groups", 34,"Develop communication strategy", 35,"Draft executive kickoff briefing", 36,"Publish employee FAQ document", 37,"Conduct biweekly stakeholder reviews", 38,"Coordinate adoption feedback sessions", 39,"Establish weekly reporting cadence", 40,"Build RAID log template", 41,"Create executive status report template", 42,"Establish milestone tracking framework", 43,"Conduct weekly program status review", 44,"Compile monthly executive updates" ) -> Establish weekly reporting cadence | D40: =IFS( VALUE(RIGHT(B40,3))<=5,"Planning & Pilot", AND(VALUE(RIGHT(B40,3))>=11,VALUE(RIGHT(B40,3))<=15),"Planning & Pilot", AND(VALUE(RIGHT(B40,3))>=21,VALUE(RIGHT(B40,3))<=24),"Planning & Pilot", AND(VALUE(RIGHT(B40,3))>=27,VALUE(RIGHT(B40,3))<=30),"Planning & Pilot", AND(VALUE(RIGHT(B40,3))>=33,VALUE(RIGHT(B40,3))<=35),"Planning & Pilot", AND(VALUE(RIGHT(B40,3))>=39,VALUE(RIGHT(B40,3))<=42),"Planning & Pilot", AND(VALUE(RIGHT(B40,3))>=6,VALUE(RIGHT(B40,3))<=10),"Rollout & Adoption", AND(VALUE(RIGHT(B40,3))>=16,VALUE(RIGHT(B40,3))<=20),"Rollout & Adoption", AND(VALUE(RIGHT(B40,3))>=25,VALUE(RIGHT(B40,3))<=26),"Rollout & Adoption", AND(VALUE(RIGHT(B40,3))>=31,VALUE(RIGHT(B40,3))<=32),"Rollout & Adoption", AND(VALUE(RIGHT(B40,3))>=36,VALUE(RIGHT(B40,3))<=38),"Rollout & Adoption", VALUE(RIGHT(B40,3))=43,"Rollout & Adoption", VALUE(RIGHT(B40,3))=44,"Stabilization & Reporting" ) -> Planning & Pilot | E40: =IFERROR(VLOOKUP(B40,Rules!A:F,2,FALSE),"") -> PMO / Governance Support | F40: =IFERROR(VLOOKUP(B40,Rules!A:F,3,FALSE),"") -> High | G40: 46193 | H40: =IFERROR(VLOOKUP(B40,Rules!A:F,6,FALSE),"") | I40: In Progress | J40: =IFERROR(VLOOKUP(B40,Rules!A:F,5,FALSE),"") -> Low | L40: {=IF( I40="Done", G40, IF( G40<TODAY(), TODAY()+ SWITCH( I40, "To Do", XLOOKUP(D40, Timeline!A:A, Timeline!D:D), "In Progress", XLOOKUP(D40, Timeline!A:A, Timeline!E:E), "Review", XLOOKUP(D40, Timeline!A:A, Timeline!F:F), "Blocked", XLOOKUP(D40, Timeline!A:A, Timeline!G:G), 7 ), G40 ) )} -> 46193
A41: =IFS( VALUE(RIGHT(B41,3))<=10,"Identity Security & MFA Enablement", VALUE(RIGHT(B41,3))<=20,"Security Awareness & Human Risk Reduction", VALUE(RIGHT(B41,3))<=26,"Policy Compliance & Governance", VALUE(RIGHT(B41,3))<=32,"Incident Intake & Escalation Modernization", VALUE(RIGHT(B41,3))<=38,"Stakeholder Engagement & Change Management", VALUE(RIGHT(B41,3))<=44,"Program Reporting & Delivery Governance" ) -> Program Reporting & Delivery Governance | B41: ="SEC-"&TEXT(ROW()-1,"000") -> SEC-040 | C41: =SWITCH( VALUE(RIGHT(B41,3)), 1,"Identify MFA pilot user group", 2,"Validate SSO compatibility", 3,"Define MFA exception process", 4,"Draft employee MFA communications", 5,"Configure MFA pilot environment", 6,"Launch MFA pilot deployment", 7,"Resolve pilot user issues", 8,"Evaluate pilot adoption metrics", 9,"Prepare phased enterprise rollout", 10,"Launch organization-wide MFA deployment", 11,"Assess existing security training content", 12,"Select phishing-awareness training modules", 13,"Configure LMS training content", 14,"Design phishing simulation campaign", 15,"Pilot phishing-awareness training", 16,"Launch mandatory employee training", 17,"Monitor completion rates by department", 18,"Send training reminder communications", 19,"Evaluate phishing simulation results", 20,"Recommend targeted retraining groups", 21,"Review existing cybersecurity policies", 22,"Update acceptable-use policy", 23,"Revise password and credential standards", 24,"Configure employee acknowledgment workflow", 25,"Launch policy attestation campaign", 26,"Monitor policy completion compliance", 27,"Document current incident reporting workflow", 28,"Identify reporting bottlenecks", 29,"Design revised escalation process", 30,"Develop incident reporting templates", 31,"Train managers on escalation procedures", 32,"Launch updated reporting process", 33,"Identify stakeholder groups", 34,"Develop communication strategy", 35,"Draft executive kickoff briefing", 36,"Publish employee FAQ document", 37,"Conduct biweekly stakeholder reviews", 38,"Coordinate adoption feedback sessions", 39,"Establish weekly reporting cadence", 40,"Build RAID log template", 41,"Create executive status report template", 42,"Establish milestone tracking framework", 43,"Conduct weekly program status review", 44,"Compile monthly executive updates" ) -> Build RAID log template | D41: =IFS( VALUE(RIGHT(B41,3))<=5,"Planning & Pilot", AND(VALUE(RIGHT(B41,3))>=11,VALUE(RIGHT(B41,3))<=15),"Planning & Pilot", AND(VALUE(RIGHT(B41,3))>=21,VALUE(RIGHT(B41,3))<=24),"Planning & Pilot", AND(VALUE(RIGHT(B41,3))>=27,VALUE(RIGHT(B41,3))<=30),"Planning & Pilot", AND(VALUE(RIGHT(B41,3))>=33,VALUE(RIGHT(B41,3))<=35),"Planning & Pilot", AND(VALUE(RIGHT(B41,3))>=39,VALUE(RIGHT(B41,3))<=42),"Planning & Pilot", AND(VALUE(RIGHT(B41,3))>=6,VALUE(RIGHT(B41,3))<=10),"Rollout & Adoption", AND(VALUE(RIGHT(B41,3))>=16,VALUE(RIGHT(B41,3))<=20),"Rollout & Adoption", AND(VALUE(RIGHT(B41,3))>=25,VALUE(RIGHT(B41,3))<=26),"Rollout & Adoption", AND(VALUE(RIGHT(B41,3))>=31,VALUE(RIGHT(B41,3))<=32),"Rollout & Adoption", AND(VALUE(RIGHT(B41,3))>=36,VALUE(RIGHT(B41,3))<=38),"Rollout & Adoption", VALUE(RIGHT(B41,3))=43,"Rollout & Adoption", VALUE(RIGHT(B41,3))=44,"Stabilization & Reporting" ) -> Planning & Pilot | E41: =IFERROR(VLOOKUP(B41,Rules!A:F,2,FALSE),"") -> PMO / Governance Support | F41: =IFERROR(VLOOKUP(B41,Rules!A:F,3,FALSE),"") -> High | G41: 46180 | H41: =IFERROR(VLOOKUP(B41,Rules!A:F,6,FALSE),"") -> SEC-039 | I41: In Progress | J41: =IFERROR(VLOOKUP(B41,Rules!A:F,5,FALSE),"") -> Low | L41: {=IF( I41="Done", G41, IF( G41<TODAY(), TODAY()+ SWITCH( I41, "To Do", XLOOKUP(D41, Timeline!A:A, Timeline!D:D), "In Progress", XLOOKUP(D41, Timeline!A:A, Timeline!E:E), "Review", XLOOKUP(D41, Timeline!A:A, Timeline!F:F), "Blocked", XLOOKUP(D41, Timeline!A:A, Timeline!G:G), 7 ), G41 ) )} -> 46180
A42: =IFS( VALUE(RIGHT(B42,3))<=10,"Identity Security & MFA Enablement", VALUE(RIGHT(B42,3))<=20,"Security Awareness & Human Risk Reduction", VALUE(RIGHT(B42,3))<=26,"Policy Compliance & Governance", VALUE(RIGHT(B42,3))<=32,"Incident Intake & Escalation Modernization", VALUE(RIGHT(B42,3))<=38,"Stakeholder Engagement & Change Management", VALUE(RIGHT(B42,3))<=44,"Program Reporting & Delivery Governance" ) -> Program Reporting & Delivery Governance | B42: ="SEC-"&TEXT(ROW()-1,"000") -> SEC-041 | C42: =SWITCH( VALUE(RIGHT(B42,3)), 1,"Identify MFA pilot user group", 2,"Validate SSO compatibility", 3,"Define MFA exception process", 4,"Draft employee MFA communications", 5,"Configure MFA pilot environment", 6,"Launch MFA pilot deployment", 7,"Resolve pilot user issues", 8,"Evaluate pilot adoption metrics", 9,"Prepare phased enterprise rollout", 10,"Launch organization-wide MFA deployment", 11,"Assess existing security training content", 12,"Select phishing-awareness training modules", 13,"Configure LMS training content", 14,"Design phishing simulation campaign", 15,"Pilot phishing-awareness training", 16,"Launch mandatory employee training", 17,"Monitor completion rates by department", 18,"Send training reminder communications", 19,"Evaluate phishing simulation results", 20,"Recommend targeted retraining groups", 21,"Review existing cybersecurity policies", 22,"Update acceptable-use policy", 23,"Revise password and credential standards", 24,"Configure employee acknowledgment workflow", 25,"Launch policy attestation campaign", 26,"Monitor policy completion compliance", 27,"Document current incident reporting workflow", 28,"Identify reporting bottlenecks", 29,"Design revised escalation process", 30,"Develop incident reporting templates", 31,"Train managers on escalation procedures", 32,"Launch updated reporting process", 33,"Identify stakeholder groups", 34,"Develop communication strategy", 35,"Draft executive kickoff briefing", 36,"Publish employee FAQ document", 37,"Conduct biweekly stakeholder reviews", 38,"Coordinate adoption feedback sessions", 39,"Establish weekly reporting cadence", 40,"Build RAID log template", 41,"Create executive status report template", 42,"Establish milestone tracking framework", 43,"Conduct weekly program status review", 44,"Compile monthly executive updates" ) -> Create executive status report template | D42: =IFS( VALUE(RIGHT(B42,3))<=5,"Planning & Pilot", AND(VALUE(RIGHT(B42,3))>=11,VALUE(RIGHT(B42,3))<=15),"Planning & Pilot", AND(VALUE(RIGHT(B42,3))>=21,VALUE(RIGHT(B42,3))<=24),"Planning & Pilot", AND(VALUE(RIGHT(B42,3))>=27,VALUE(RIGHT(B42,3))<=30),"Planning & Pilot", AND(VALUE(RIGHT(B42,3))>=33,VALUE(RIGHT(B42,3))<=35),"Planning & Pilot", AND(VALUE(RIGHT(B42,3))>=39,VALUE(RIGHT(B42,3))<=42),"Planning & Pilot", AND(VALUE(RIGHT(B42,3))>=6,VALUE(RIGHT(B42,3))<=10),"Rollout & Adoption", AND(VALUE(RIGHT(B42,3))>=16,VALUE(RIGHT(B42,3))<=20),"Rollout & Adoption", AND(VALUE(RIGHT(B42,3))>=25,VALUE(RIGHT(B42,3))<=26),"Rollout & Adoption", AND(VALUE(RIGHT(B42,3))>=31,VALUE(RIGHT(B42,3))<=32),"Rollout & Adoption", AND(VALUE(RIGHT(B42,3))>=36,VALUE(RIGHT(B42,3))<=38),"Rollout & Adoption", VALUE(RIGHT(B42,3))=43,"Rollout & Adoption", VALUE(RIGHT(B42,3))=44,"Stabilization & Reporting" ) -> Planning & Pilot | E42: =IFERROR(VLOOKUP(B42,Rules!A:F,2,FALSE),"") -> PMO / Governance Support | F42: =IFERROR(VLOOKUP(B42,Rules!A:F,3,FALSE),"") -> High | G42: 46192 | H42: =IFERROR(VLOOKUP(B42,Rules!A:F,6,FALSE),"") -> SEC-039, SEC-040 | I42: =IFERROR(VLOOKUP(B42,Rules!A:F,4,FALSE),"") -> In Progress | J42: =IFERROR(VLOOKUP(B42,Rules!A:F,5,FALSE),"") -> Low | K42: Executive template under stakeholder review | L42: {=IF( I42="Done", G42, IF( G42<TODAY(), TODAY()+ SWITCH( I42, "To Do", XLOOKUP(D42, Timeline!A:A, Timeline!D:D), "In Progress", XLOOKUP(D42, Timeline!A:A, Timeline!E:E), "Review", XLOOKUP(D42, Timeline!A:A, Timeline!F:F), "Blocked", XLOOKUP(D42, Timeline!A:A, Timeline!G:G), 7 ), G42 ) )} -> 46192
A43: =IFS( VALUE(RIGHT(B43,3))<=10,"Identity Security & MFA Enablement", VALUE(RIGHT(B43,3))<=20,"Security Awareness & Human Risk Reduction", VALUE(RIGHT(B43,3))<=26,"Policy Compliance & Governance", VALUE(RIGHT(B43,3))<=32,"Incident Intake & Escalation Modernization", VALUE(RIGHT(B43,3))<=38,"Stakeholder Engagement & Change Management", VALUE(RIGHT(B43,3))<=44,"Program Reporting & Delivery Governance" ) -> Program Reporting & Delivery Governance | B43: ="SEC-"&TEXT(ROW()-1,"000") -> SEC-042 | C43: =SWITCH( VALUE(RIGHT(B43,3)), 1,"Identify MFA pilot user group", 2,"Validate SSO compatibility", 3,"Define MFA exception process", 4,"Draft employee MFA communications", 5,"Configure MFA pilot environment", 6,"Launch MFA pilot deployment", 7,"Resolve pilot user issues", 8,"Evaluate pilot adoption metrics", 9,"Prepare phased enterprise rollout", 10,"Launch organization-wide MFA deployment", 11,"Assess existing security training content", 12,"Select phishing-awareness training modules", 13,"Configure LMS training content", 14,"Design phishing simulation campaign", 15,"Pilot phishing-awareness training", 16,"Launch mandatory employee training", 17,"Monitor completion rates by department", 18,"Send training reminder communications", 19,"Evaluate phishing simulation results", 20,"Recommend targeted retraining groups", 21,"Review existing cybersecurity policies", 22,"Update acceptable-use policy", 23,"Revise password and credential standards", 24,"Configure employee acknowledgment workflow", 25,"Launch policy attestation campaign", 26,"Monitor policy completion compliance", 27,"Document current incident reporting workflow", 28,"Identify reporting bottlenecks", 29,"Design revised escalation process", 30,"Develop incident reporting templates", 31,"Train managers on escalation procedures", 32,"Launch updated reporting process", 33,"Identify stakeholder groups", 34,"Develop communication strategy", 35,"Draft executive kickoff briefing", 36,"Publish employee FAQ document", 37,"Conduct biweekly stakeholder reviews", 38,"Coordinate adoption feedback sessions", 39,"Establish weekly reporting cadence", 40,"Build RAID log template", 41,"Create executive status report template", 42,"Establish milestone tracking framework", 43,"Conduct weekly program status review", 44,"Compile monthly executive updates" ) -> Establish milestone tracking framework | D43: =IFS( VALUE(RIGHT(B43,3))<=5,"Planning & Pilot", AND(VALUE(RIGHT(B43,3))>=11,VALUE(RIGHT(B43,3))<=15),"Planning & Pilot", AND(VALUE(RIGHT(B43,3))>=21,VALUE(RIGHT(B43,3))<=24),"Planning & Pilot", AND(VALUE(RIGHT(B43,3))>=27,VALUE(RIGHT(B43,3))<=30),"Planning & Pilot", AND(VALUE(RIGHT(B43,3))>=33,VALUE(RIGHT(B43,3))<=35),"Planning & Pilot", AND(VALUE(RIGHT(B43,3))>=39,VALUE(RIGHT(B43,3))<=42),"Planning & Pilot", AND(VALUE(RIGHT(B43,3))>=6,VALUE(RIGHT(B43,3))<=10),"Rollout & Adoption", AND(VALUE(RIGHT(B43,3))>=16,VALUE(RIGHT(B43,3))<=20),"Rollout & Adoption", AND(VALUE(RIGHT(B43,3))>=25,VALUE(RIGHT(B43,3))<=26),"Rollout & Adoption", AND(VALUE(RIGHT(B43,3))>=31,VALUE(RIGHT(B43,3))<=32),"Rollout & Adoption", AND(VALUE(RIGHT(B43,3))>=36,VALUE(RIGHT(B43,3))<=38),"Rollout & Adoption", VALUE(RIGHT(B43,3))=43,"Rollout & Adoption", VALUE(RIGHT(B43,3))=44,"Stabilization & Reporting" ) -> Planning & Pilot | E43: =IFERROR(VLOOKUP(B43,Rules!A:F,2,FALSE),"") -> PMO / Governance Support | F43: =IFERROR(VLOOKUP(B43,Rules!A:F,3,FALSE),"") -> High | G43: 46177 | H43: =IFERROR(VLOOKUP(B43,Rules!A:F,6,FALSE),"") -> SEC-040 | I43: In Progress | J43: =IFERROR(VLOOKUP(B43,Rules!A:F,5,FALSE),"") -> Low | L43: {=IF( I43="Done", G43, IF( G43<TODAY(), TODAY()+ SWITCH( I43, "To Do", XLOOKUP(D43, Timeline!A:A, Timeline!D:D), "In Progress", XLOOKUP(D43, Timeline!A:A, Timeline!E:E), "Review", XLOOKUP(D43, Timeline!A:A, Timeline!F:F), "Blocked", XLOOKUP(D43, Timeline!A:A, Timeline!G:G), 7 ), G43 ) )} -> 46177
A44: =IFS( VALUE(RIGHT(B44,3))<=10,"Identity Security & MFA Enablement", VALUE(RIGHT(B44,3))<=20,"Security Awareness & Human Risk Reduction", VALUE(RIGHT(B44,3))<=26,"Policy Compliance & Governance", VALUE(RIGHT(B44,3))<=32,"Incident Intake & Escalation Modernization", VALUE(RIGHT(B44,3))<=38,"Stakeholder Engagement & Change Management", VALUE(RIGHT(B44,3))<=44,"Program Reporting & Delivery Governance" ) -> Program Reporting & Delivery Governance | B44: ="SEC-"&TEXT(ROW()-1,"000") -> SEC-043 | C44: =SWITCH( VALUE(RIGHT(B44,3)), 1,"Identify MFA pilot user group", 2,"Validate SSO compatibility", 3,"Define MFA exception process", 4,"Draft employee MFA communications", 5,"Configure MFA pilot environment", 6,"Launch MFA pilot deployment", 7,"Resolve pilot user issues", 8,"Evaluate pilot adoption metrics", 9,"Prepare phased enterprise rollout", 10,"Launch organization-wide MFA deployment", 11,"Assess existing security training content", 12,"Select phishing-awareness training modules", 13,"Configure LMS training content", 14,"Design phishing simulation campaign", 15,"Pilot phishing-awareness training", 16,"Launch mandatory employee training", 17,"Monitor completion rates by department", 18,"Send training reminder communications", 19,"Evaluate phishing simulation results", 20,"Recommend targeted retraining groups", 21,"Review existing cybersecurity policies", 22,"Update acceptable-use policy", 23,"Revise password and credential standards", 24,"Configure employee acknowledgment workflow", 25,"Launch policy attestation campaign", 26,"Monitor policy completion compliance", 27,"Document current incident reporting workflow", 28,"Identify reporting bottlenecks", 29,"Design revised escalation process", 30,"Develop incident reporting templates", 31,"Train managers on escalation procedures", 32,"Launch updated reporting process", 33,"Identify stakeholder groups", 34,"Develop communication strategy", 35,"Draft executive kickoff briefing", 36,"Publish employee FAQ document", 37,"Conduct biweekly stakeholder reviews", 38,"Coordinate adoption feedback sessions", 39,"Establish weekly reporting cadence", 40,"Build RAID log template", 41,"Create executive status report template", 42,"Establish milestone tracking framework", 43,"Conduct weekly program status review", 44,"Compile monthly executive updates" ) -> Conduct weekly program status review | D44: =IFS( VALUE(RIGHT(B44,3))<=5,"Planning & Pilot", AND(VALUE(RIGHT(B44,3))>=11,VALUE(RIGHT(B44,3))<=15),"Planning & Pilot", AND(VALUE(RIGHT(B44,3))>=21,VALUE(RIGHT(B44,3))<=24),"Planning & Pilot", AND(VALUE(RIGHT(B44,3))>=27,VALUE(RIGHT(B44,3))<=30),"Planning & Pilot", AND(VALUE(RIGHT(B44,3))>=33,VALUE(RIGHT(B44,3))<=35),"Planning & Pilot", AND(VALUE(RIGHT(B44,3))>=39,VALUE(RIGHT(B44,3))<=42),"Planning & Pilot", AND(VALUE(RIGHT(B44,3))>=6,VALUE(RIGHT(B44,3))<=10),"Rollout & Adoption", AND(VALUE(RIGHT(B44,3))>=16,VALUE(RIGHT(B44,3))<=20),"Rollout & Adoption", AND(VALUE(RIGHT(B44,3))>=25,VALUE(RIGHT(B44,3))<=26),"Rollout & Adoption", AND(VALUE(RIGHT(B44,3))>=31,VALUE(RIGHT(B44,3))<=32),"Rollout & Adoption", AND(VALUE(RIGHT(B44,3))>=36,VALUE(RIGHT(B44,3))<=38),"Rollout & Adoption", VALUE(RIGHT(B44,3))=43,"Rollout & Adoption", VALUE(RIGHT(B44,3))=44,"Stabilization & Reporting" ) -> Rollout & Adoption | E44: =IFERROR(VLOOKUP(B44,Rules!A:F,2,FALSE),"") -> Security Transformation Lead | F44: =IFERROR(VLOOKUP(B44,Rules!A:F,3,FALSE),"") -> High | G44: 46235 | H44: =IFERROR(VLOOKUP(B44,Rules!A:F,6,FALSE),"") -> SEC-041, SEC-042 | I44: =IFERROR(VLOOKUP(B44,Rules!A:F,4,FALSE),"") -> To Do | J44: =IFERROR(VLOOKUP(B44,Rules!A:F,5,FALSE),"") -> Low | L44: {=IF( I44="Done", G44, IF( G44<TODAY(), TODAY()+ SWITCH( I44, "To Do", XLOOKUP(D44, Timeline!A:A, Timeline!D:D), "In Progress", XLOOKUP(D44, Timeline!A:A, Timeline!E:E), "Review", XLOOKUP(D44, Timeline!A:A, Timeline!F:F), "Blocked", XLOOKUP(D44, Timeline!A:A, Timeline!G:G), 7 ), G44 ) )} -> 46235
A45: =IFS( VALUE(RIGHT(B45,3))<=10,"Identity Security & MFA Enablement", VALUE(RIGHT(B45,3))<=20,"Security Awareness & Human Risk Reduction", VALUE(RIGHT(B45,3))<=26,"Policy Compliance & Governance", VALUE(RIGHT(B45,3))<=32,"Incident Intake & Escalation Modernization", VALUE(RIGHT(B45,3))<=38,"Stakeholder Engagement & Change Management", VALUE(RIGHT(B45,3))<=44,"Program Reporting & Delivery Governance" ) -> Program Reporting & Delivery Governance | B45: ="SEC-"&TEXT(ROW()-1,"000") -> SEC-044 | C45: =SWITCH( VALUE(RIGHT(B45,3)), 1,"Identify MFA pilot user group", 2,"Validate SSO compatibility", 3,"Define MFA exception process", 4,"Draft employee MFA communications", 5,"Configure MFA pilot environment", 6,"Launch MFA pilot deployment", 7,"Resolve pilot user issues", 8,"Evaluate pilot adoption metrics", 9,"Prepare phased enterprise rollout", 10,"Launch organization-wide MFA deployment", 11,"Assess existing security training content", 12,"Select phishing-awareness training modules", 13,"Configure LMS training content", 14,"Design phishing simulation campaign", 15,"Pilot phishing-awareness training", 16,"Launch mandatory employee training", 17,"Monitor completion rates by department", 18,"Send training reminder communications", 19,"Evaluate phishing simulation results", 20,"Recommend targeted retraining groups", 21,"Review existing cybersecurity policies", 22,"Update acceptable-use policy", 23,"Revise password and credential standards", 24,"Configure employee acknowledgment workflow", 25,"Launch policy attestation campaign", 26,"Monitor policy completion compliance", 27,"Document current incident reporting workflow", 28,"Identify reporting bottlenecks", 29,"Design revised escalation process", 30,"Develop incident reporting templates", 31,"Train managers on escalation procedures", 32,"Launch updated reporting process", 33,"Identify stakeholder groups", 34,"Develop communication strategy", 35,"Draft executive kickoff briefing", 36,"Publish employee FAQ document", 37,"Conduct biweekly stakeholder reviews", 38,"Coordinate adoption feedback sessions", 39,"Establish weekly reporting cadence", 40,"Build RAID log template", 41,"Create executive status report template", 42,"Establish milestone tracking framework", 43,"Conduct weekly program status review", 44,"Compile monthly executive updates" ) -> Compile monthly executive updates | D45: =IFS( VALUE(RIGHT(B45,3))<=5,"Planning & Pilot", AND(VALUE(RIGHT(B45,3))>=11,VALUE(RIGHT(B45,3))<=15),"Planning & Pilot", AND(VALUE(RIGHT(B45,3))>=21,VALUE(RIGHT(B45,3))<=24),"Planning & Pilot", AND(VALUE(RIGHT(B45,3))>=27,VALUE(RIGHT(B45,3))<=30),"Planning & Pilot", AND(VALUE(RIGHT(B45,3))>=33,VALUE(RIGHT(B45,3))<=35),"Planning & Pilot", AND(VALUE(RIGHT(B45,3))>=39,VALUE(RIGHT(B45,3))<=42),"Planning & Pilot", AND(VALUE(RIGHT(B45,3))>=6,VALUE(RIGHT(B45,3))<=10),"Rollout & Adoption", AND(VALUE(RIGHT(B45,3))>=16,VALUE(RIGHT(B45,3))<=20),"Rollout & Adoption", AND(VALUE(RIGHT(B45,3))>=25,VALUE(RIGHT(B45,3))<=26),"Rollout & Adoption", AND(VALUE(RIGHT(B45,3))>=31,VALUE(RIGHT(B45,3))<=32),"Rollout & Adoption", AND(VALUE(RIGHT(B45,3))>=36,VALUE(RIGHT(B45,3))<=38),"Rollout & Adoption", VALUE(RIGHT(B45,3))=43,"Rollout & Adoption", VALUE(RIGHT(B45,3))=44,"Stabilization & Reporting" ) -> Stabilization & Reporting | E45: =IFERROR(VLOOKUP(B45,Rules!A:F,2,FALSE),"") -> Security Transformation Lead | F45: Low | G45: 46290 | H45: =IFERROR(VLOOKUP(B45,Rules!A:F,6,FALSE),"") -> SEC-043 | I45: =IFERROR(VLOOKUP(B45,Rules!A:F,4,FALSE),"") -> To Do | J45: =IFERROR(VLOOKUP(B45,Rules!A:F,5,FALSE),"") -> Low | K45: ongoing reporting rather than delivery-critical | L45: {=IF( I45="Done", G45, IF( G45<TODAY(), TODAY()+ SWITCH( I45, "To Do", XLOOKUP(D45, Timeline!A:A, Timeline!D:D), "In Progress", XLOOKUP(D45, Timeline!A:A, Timeline!E:E), "Review", XLOOKUP(D45, Timeline!A:A, Timeline!F:F), "Blocked", XLOOKUP(D45, Timeline!A:A, Timeline!G:G), 7 ), G45 ) )} -> 46290 | M45: 46164

Sheet Timeline
A1: A | B1: B | C1: C | D1: D | E1: E | F1: F | G1: G | H1: H | L1: Archived Formula Logic
A2: Phase | B2: Start Date | C2: End Date | D2: ToDo Days | E2: InProgress Days | F2: Review Days | G2: Blocked Days | H2: Auto_Update | L2: =IFS( -> #ERROR!
A3: Planning & Pilot | B3: 46174 | C3: 46201 | D3: 14 | E3: 10 | F3: 5 | G3: 7 | H3: TRUE | L3: D2="Planning & Pilot",DATE(2026,6,1)+RANDBETWEEN(0,27),
A4: Rollout & Adoption | B4: 46202 | C4: 46285 | D4: 21 | E4: 14 | F4: 7 | G4: 10 | H4: TRUE | L4: D2="Rollout & Adoption",DATE(2026,6,29)+RANDBETWEEN(0,83),
A5: Stabilization & Reporting | B5: 46286 | C5: 46341 | D5: 30 | E5: 21 | F5: 7 | G5: 14 | H5: TRUE | L5: D2="Stabilization & Reporting",DATE(2026,9,21)+RANDBETWEEN(0,55)
E6: )

Sheet Rules
A1: Task ID | B1: Owner | C1: Priority | D1: Status | E1: Risk | F1: Dependency
A2: ="SEC-"&TEXT(ROW()-1,"000") -> SEC-001 | B2: =IFS( VALUE(RIGHT(A2,3))<=3,"IT Security Team", VALUE(RIGHT(A2,3))=4,"PMO / Governance Support", VALUE(RIGHT(A2,3))<=6,"IT Security Team", VALUE(RIGHT(A2,3))=7,"Help Desk Lead", VALUE(RIGHT(A2,3))<=10,"Security Transformation Lead", VALUE(RIGHT(A2,3))<=13,"HR & Training Team", VALUE(RIGHT(A2,3))=14,"IT Security Team", VALUE(RIGHT(A2,3))<=16,"HR & Training Team", VALUE(RIGHT(A2,3))=17,"PMO / Governance Support", VALUE(RIGHT(A2,3))=18,"HR & Training Team", VALUE(RIGHT(A2,3))=19,"Security Transformation Lead", VALUE(RIGHT(A2,3))=20,"HR & Training Team", VALUE(RIGHT(A2,3))<=22,"PMO / Governance Support", VALUE(RIGHT(A2,3))=23,"IT Security Team", VALUE(RIGHT(A2,3))<=25,"PMO / Governance Support", VALUE(RIGHT(A2,3))=26,"Department Managers", VALUE(RIGHT(A2,3))<=30,"IT Security Team", VALUE(RIGHT(A2,3))=31,"Department Managers", VALUE(RIGHT(A2,3))=32,"Security Transformation Lead", VALUE(RIGHT(A2,3))<=37,"PMO / Governance Support", VALUE(RIGHT(A2,3))=38,"Department Managers", VALUE(RIGHT(A2,3))<=42,"PMO / Governance Support", VALUE(RIGHT(A2,3))<=44,"Security Transformation Lead" ) -> IT Security Team | C2: =IFS( OR( VALUE(RIGHT(A2,3))<=10, VALUE(RIGHT(A2,3))=16, VALUE(RIGHT(A2,3))=25, VALUE(RIGHT(A2,3))=32, VALUE(RIGHT(A2,3))>=39 ),"High", OR( AND(VALUE(RIGHT(A2,3))>=11,VALUE(RIGHT(A2,3))<=20), AND(VALUE(RIGHT(A2,3))>=21,VALUE(RIGHT(A2,3))<=38) ),"Medium", TRUE,"Low" ) -> High | D2: =IFS( OR( VALUE(RIGHT(A2,3))=1, VALUE(RIGHT(A2,3))=2, VALUE(RIGHT(A2,3))=11, VALUE(RIGHT(A2,3))=21, VALUE(RIGHT(A2,3))=33, VALUE(RIGHT(A2,3))=39 ),"Done", OR( VALUE(RIGHT(A2,3))=4, VALUE(RIGHT(A2,3))=13, VALUE(RIGHT(A2,3))=22, VALUE(RIGHT(A2,3))=29, VALUE(RIGHT(A2,3))=34, VALUE(RIGHT(A2,3))=41 ),"In Progress", OR( VALUE(RIGHT(A2,3))=14, VALUE(RIGHT(A2,3))=23, VALUE(RIGHT(A2,3))=30 ),"Review", OR( VALUE(RIGHT(A2,3))=6, VALUE(RIGHT(A2,3))=16, VALUE(RIGHT(A2,3))=32 ),"Blocked", TRUE,"To Do" ) -> Done | E2: =IFS( OR( VALUE(RIGHT(A2,3))=6, VALUE(RIGHT(A2,3))=16, VALUE(RIGHT(A2,3))=25, VALUE(RIGHT(A2,3))=32 ),"High", OR( AND(VALUE(RIGHT(A2,3))>=1,VALUE(RIGHT(A2,3))<=10), AND(VALUE(RIGHT(A2,3))>=11,VALUE(RIGHT(A2,3))<=20), AND(VALUE(RIGHT(A2,3))>=21,VALUE(RIGHT(A2,3))<=32) ),"Medium", TRUE,"Low" ) -> Medium | F2: =SWITCH( VALUE(RIGHT(A2,3)), 6,"SEC-002, SEC-005", 7,"SEC-006", 8,"SEC-006", 9,"SEC-008", 10,"SEC-008, SEC-009", 13,"SEC-012", 14,"SEC-012", 15,"SEC-013, SEC-014", 16,"SEC-013, SEC-015", 17,"SEC-016", 22,"SEC-021", 23,"SEC-021", 24,"SEC-022, SEC-023", 25,"SEC-022, SEC-023, SEC-024", 26,"SEC-025", 29,"SEC-027, SEC-028", 30,"SEC-029", 31,"SEC-029, SEC-030", 32,"SEC-029, SEC-030, SEC-031", 34,"SEC-033", 35,"SEC-034", 36,"SEC-034", 37,"SEC-035", 38,"SEC-036", 40,"SEC-039", 41,"SEC-039, SEC-040", 42,"SEC-040", 43,"SEC-041, SEC-042", 44,"SEC-043", "" )
A3: ="SEC-"&TEXT(ROW()-1,"000") -> SEC-002 | B3: =IFS( VALUE(RIGHT(A3,3))<=3,"IT Security Team", VALUE(RIGHT(A3,3))=4,"PMO / Governance Support", VALUE(RIGHT(A3,3))<=6,"IT Security Team", VALUE(RIGHT(A3,3))=7,"Help Desk Lead", VALUE(RIGHT(A3,3))<=10,"Security Transformation Lead", VALUE(RIGHT(A3,3))<=13,"HR & Training Team", VALUE(RIGHT(A3,3))=14,"IT Security Team", VALUE(RIGHT(A3,3))<=16,"HR & Training Team", VALUE(RIGHT(A3,3))=17,"PMO / Governance Support", VALUE(RIGHT(A3,3))=18,"HR & Training Team", VALUE(RIGHT(A3,3))=19,"Security Transformation Lead", VALUE(RIGHT(A3,3))=20,"HR & Training Team", VALUE(RIGHT(A3,3))<=22,"PMO / Governance Support", VALUE(RIGHT(A3,3))=23,"IT Security Team", VALUE(RIGHT(A3,3))<=25,"PMO / Governance Support", VALUE(RIGHT(A3,3))=26,"Department Managers", VALUE(RIGHT(A3,3))<=30,"IT Security Team", VALUE(RIGHT(A3,3))=31,"Department Managers", VALUE(RIGHT(A3,3))=32,"Security Transformation Lead", VALUE(RIGHT(A3,3))<=37,"PMO / Governance Support", VALUE(RIGHT(A3,3))=38,"Department Managers", VALUE(RIGHT(A3,3))<=42,"PMO / Governance Support", VALUE(RIGHT(A3,3))<=44,"Security Transformation Lead" ) -> IT Security Team | C3: =IFS( OR( VALUE(RIGHT(A3,3))<=10, VALUE(RIGHT(A3,3))=16, VALUE(RIGHT(A3,3))=25, VALUE(RIGHT(A3,3))=32, VALUE(RIGHT(A3,3))>=39 ),"High", OR( AND(VALUE(RIGHT(A3,3))>=11,VALUE(RIGHT(A3,3))<=20), AND(VALUE(RIGHT(A3,3))>=21,VALUE(RIGHT(A3,3))<=38) ),"Medium", TRUE,"Low" ) -> High | D3: =IFS( OR( VALUE(RIGHT(A3,3))=1, VALUE(RIGHT(A3,3))=2, VALUE(RIGHT(A3,3))=11, VALUE(RIGHT(A3,3))=21, VALUE(RIGHT(A3,3))=33, VALUE(RIGHT(A3,3))=39 ),"Done", OR( VALUE(RIGHT(A3,3))=4, VALUE(RIGHT(A3,3))=13, VALUE(RIGHT(A3,3))=22, VALUE(RIGHT(A3,3))=29, VALUE(RIGHT(A3,3))=34, VALUE(RIGHT(A3,3))=41 ),"In Progress", OR( VALUE(RIGHT(A3,3))=14, VALUE(RIGHT(A3,3))=23, VALUE(RIGHT(A3,3))=30 ),"Review", OR( VALUE(RIGHT(A3,3))=6, VALUE(RIGHT(A3,3))=16, VALUE(RIGHT(A3,3))=32 ),"Blocked", TRUE,"To Do" ) -> Done | E3: =IFS( OR( VALUE(RIGHT(A3,3))=6, VALUE(RIGHT(A3,3))=16, VALUE(RIGHT(A3,3))=25, VALUE(RIGHT(A3,3))=32 ),"High", OR( AND(VALUE(RIGHT(A3,3))>=1,VALUE(RIGHT(A3,3))<=10), AND(VALUE(RIGHT(A3,3))>=11,VALUE(RIGHT(A3,3))<=20), AND(VALUE(RIGHT(A3,3))>=21,VALUE(RIGHT(A3,3))<=32) ),"Medium", TRUE,"Low" ) -> Medium | F3: =SWITCH( VALUE(RIGHT(A3,3)), 6,"SEC-002, SEC-005", 7,"SEC-006", 8,"SEC-006", 9,"SEC-008", 10,"SEC-008, SEC-009", 13,"SEC-012", 14,"SEC-012", 15,"SEC-013, SEC-014", 16,"SEC-013, SEC-015", 17,"SEC-016", 22,"SEC-021", 23,"SEC-021", 24,"SEC-022, SEC-023", 25,"SEC-022, SEC-023, SEC-024", 26,"SEC-025", 29,"SEC-027, SEC-028", 30,"SEC-029", 31,"SEC-029, SEC-030", 32,"SEC-029, SEC-030, SEC-031", 34,"SEC-033", 35,"SEC-034", 36,"SEC-034", 37,"SEC-035", 38,"SEC-036", 40,"SEC-039", 41,"SEC-039, SEC-040", 42,"SEC-040", 43,"SEC-041, SEC-042", 44,"SEC-043", "" )
A4: ="SEC-"&TEXT(ROW()-1,"000") -> SEC-003 | B4: =IFS( VALUE(RIGHT(A4,3))<=3,"IT Security Team", VALUE(RIGHT(A4,3))=4,"PMO / Governance Support", VALUE(RIGHT(A4,3))<=6,"IT Security Team", VALUE(RIGHT(A4,3))=7,"Help Desk Lead", VALUE(RIGHT(A4,3))<=10,"Security Transformation Lead", VALUE(RIGHT(A4,3))<=13,"HR & Training Team", VALUE(RIGHT(A4,3))=14,"IT Security Team", VALUE(RIGHT(A4,3))<=16,"HR & Training Team", VALUE(RIGHT(A4,3))=17,"PMO / Governance Support", VALUE(RIGHT(A4,3))=18,"HR & Training Team", VALUE(RIGHT(A4,3))=19,"Security Transformation Lead", VALUE(RIGHT(A4,3))=20,"HR & Training Team", VALUE(RIGHT(A4,3))<=22,"PMO / Governance Support", VALUE(RIGHT(A4,3))=23,"IT Security Team", VALUE(RIGHT(A4,3))<=25,"PMO / Governance Support", VALUE(RIGHT(A4,3))=26,"Department Managers", VALUE(RIGHT(A4,3))<=30,"IT Security Team", VALUE(RIGHT(A4,3))=31,"Department Managers", VALUE(RIGHT(A4,3))=32,"Security Transformation Lead", VALUE(RIGHT(A4,3))<=37,"PMO / Governance Support", VALUE(RIGHT(A4,3))=38,"Department Managers", VALUE(RIGHT(A4,3))<=42,"PMO / Governance Support", VALUE(RIGHT(A4,3))<=44,"Security Transformation Lead" ) -> IT Security Team | C4: =IFS( OR( VALUE(RIGHT(A4,3))<=10, VALUE(RIGHT(A4,3))=16, VALUE(RIGHT(A4,3))=25, VALUE(RIGHT(A4,3))=32, VALUE(RIGHT(A4,3))>=39 ),"High", OR( AND(VALUE(RIGHT(A4,3))>=11,VALUE(RIGHT(A4,3))<=20), AND(VALUE(RIGHT(A4,3))>=21,VALUE(RIGHT(A4,3))<=38) ),"Medium", TRUE,"Low" ) -> High | D4: =IFS( OR( VALUE(RIGHT(A4,3))=1, VALUE(RIGHT(A4,3))=2, VALUE(RIGHT(A4,3))=11, VALUE(RIGHT(A4,3))=21, VALUE(RIGHT(A4,3))=33, VALUE(RIGHT(A4,3))=39 ),"Done", OR( VALUE(RIGHT(A4,3))=4, VALUE(RIGHT(A4,3))=13, VALUE(RIGHT(A4,3))=22, VALUE(RIGHT(A4,3))=29, VALUE(RIGHT(A4,3))=34, VALUE(RIGHT(A4,3))=41 ),"In Progress", OR( VALUE(RIGHT(A4,3))=14, VALUE(RIGHT(A4,3))=23, VALUE(RIGHT(A4,3))=30 ),"Review", OR( VALUE(RIGHT(A4,3))=6, VALUE(RIGHT(A4,3))=16, VALUE(RIGHT(A4,3))=32 ),"Blocked", TRUE,"To Do" ) -> To Do | E4: =IFS( OR( VALUE(RIGHT(A4,3))=6, VALUE(RIGHT(A4,3))=16, VALUE(RIGHT(A4,3))=25, VALUE(RIGHT(A4,3))=32 ),"High", OR( AND(VALUE(RIGHT(A4,3))>=1,VALUE(RIGHT(A4,3))<=10), AND(VALUE(RIGHT(A4,3))>=11,VALUE(RIGHT(A4,3))<=20), AND(VALUE(RIGHT(A4,3))>=21,VALUE(RIGHT(A4,3))<=32) ),"Medium", TRUE,"Low" ) -> Medium | F4: =SWITCH( VALUE(RIGHT(A4,3)), 6,"SEC-002, SEC-005", 7,"SEC-006", 8,"SEC-006", 9,"SEC-008", 10,"SEC-008, SEC-009", 13,"SEC-012", 14,"SEC-012", 15,"SEC-013, SEC-014", 16,"SEC-013, SEC-015", 17,"SEC-016", 22,"SEC-021", 23,"SEC-021", 24,"SEC-022, SEC-023", 25,"SEC-022, SEC-023, SEC-024", 26,"SEC-025", 29,"SEC-027, SEC-028", 30,"SEC-029", 31,"SEC-029, SEC-030", 32,"SEC-029, SEC-030, SEC-031", 34,"SEC-033", 35,"SEC-034", 36,"SEC-034", 37,"SEC-035", 38,"SEC-036", 40,"SEC-039", 41,"SEC-039, SEC-040", 42,"SEC-040", 43,"SEC-041, SEC-042", 44,"SEC-043", "" )
A5: ="SEC-"&TEXT(ROW()-1,"000") -> SEC-004 | B5: =IFS( VALUE(RIGHT(A5,3))<=3,"IT Security Team", VALUE(RIGHT(A5,3))=4,"PMO / Governance Support", VALUE(RIGHT(A5,3))<=6,"IT Security Team", VALUE(RIGHT(A5,3))=7,"Help Desk Lead", VALUE(RIGHT(A5,3))<=10,"Security Transformation Lead", VALUE(RIGHT(A5,3))<=13,"HR & Training Team", VALUE(RIGHT(A5,3))=14,"IT Security Team", VALUE(RIGHT(A5,3))<=16,"HR & Training Team", VALUE(RIGHT(A5,3))=17,"PMO / Governance Support", VALUE(RIGHT(A5,3))=18,"HR & Training Team", VALUE(RIGHT(A5,3))=19,"Security Transformation Lead", VALUE(RIGHT(A5,3))=20,"HR & Training Team", VALUE(RIGHT(A5,3))<=22,"PMO / Governance Support", VALUE(RIGHT(A5,3))=23,"IT Security Team", VALUE(RIGHT(A5,3))<=25,"PMO / Governance Support", VALUE(RIGHT(A5,3))=26,"Department Managers", VALUE(RIGHT(A5,3))<=30,"IT Security Team", VALUE(RIGHT(A5,3))=31,"Department Managers", VALUE(RIGHT(A5,3))=32,"Security Transformation Lead", VALUE(RIGHT(A5,3))<=37,"PMO / Governance Support", VALUE(RIGHT(A5,3))=38,"Department Managers", VALUE(RIGHT(A5,3))<=42,"PMO / Governance Support", VALUE(RIGHT(A5,3))<=44,"Security Transformation Lead" ) -> PMO / Governance Support | C5: =IFS( OR( VALUE(RIGHT(A5,3))<=10, VALUE(RIGHT(A5,3))=16, VALUE(RIGHT(A5,3))=25, VALUE(RIGHT(A5,3))=32, VALUE(RIGHT(A5,3))>=39 ),"High", OR( AND(VALUE(RIGHT(A5,3))>=11,VALUE(RIGHT(A5,3))<=20), AND(VALUE(RIGHT(A5,3))>=21,VALUE(RIGHT(A5,3))<=38) ),"Medium", TRUE,"Low" ) -> High | D5: =IFS( OR( VALUE(RIGHT(A5,3))=1, VALUE(RIGHT(A5,3))=2, VALUE(RIGHT(A5,3))=11, VALUE(RIGHT(A5,3))=21, VALUE(RIGHT(A5,3))=33, VALUE(RIGHT(A5,3))=39 ),"Done", OR( VALUE(RIGHT(A5,3))=4, VALUE(RIGHT(A5,3))=13, VALUE(RIGHT(A5,3))=22, VALUE(RIGHT(A5,3))=29, VALUE(RIGHT(A5,3))=34, VALUE(RIGHT(A5,3))=41 ),"In Progress", OR( VALUE(RIGHT(A5,3))=14, VALUE(RIGHT(A5,3))=23, VALUE(RIGHT(A5,3))=30 ),"Review", OR( VALUE(RIGHT(A5,3))=6, VALUE(RIGHT(A5,3))=16, VALUE(RIGHT(A5,3))=32 ),"Blocked", TRUE,"To Do" ) -> In Progress | E5: =IFS( OR( VALUE(RIGHT(A5,3))=6, VALUE(RIGHT(A5,3))=16, VALUE(RIGHT(A5,3))=25, VALUE(RIGHT(A5,3))=32 ),"High", OR( AND(VALUE(RIGHT(A5,3))>=1,VALUE(RIGHT(A5,3))<=10), AND(VALUE(RIGHT(A5,3))>=11,VALUE(RIGHT(A5,3))<=20), AND(VALUE(RIGHT(A5,3))>=21,VALUE(RIGHT(A5,3))<=32) ),"Medium", TRUE,"Low" ) -> Medium | F5: =SWITCH( VALUE(RIGHT(A5,3)), 6,"SEC-002, SEC-005", 7,"SEC-006", 8,"SEC-006", 9,"SEC-008", 10,"SEC-008, SEC-009", 13,"SEC-012", 14,"SEC-012", 15,"SEC-013, SEC-014", 16,"SEC-013, SEC-015", 17,"SEC-016", 22,"SEC-021", 23,"SEC-021", 24,"SEC-022, SEC-023", 25,"SEC-022, SEC-023, SEC-024", 26,"SEC-025", 29,"SEC-027, SEC-028", 30,"SEC-029", 31,"SEC-029, SEC-030", 32,"SEC-029, SEC-030, SEC-031", 34,"SEC-033", 35,"SEC-034", 36,"SEC-034", 37,"SEC-035", 38,"SEC-036", 40,"SEC-039", 41,"SEC-039, SEC-040", 42,"SEC-040", 43,"SEC-041, SEC-042", 44,"SEC-043", "" )
A6: ="SEC-"&TEXT(ROW()-1,"000") -> SEC-005 | B6: =IFS( VALUE(RIGHT(A6,3))<=3,"IT Security Team", VALUE(RIGHT(A6,3))=4,"PMO / Governance Support", VALUE(RIGHT(A6,3))<=6,"IT Security Team", VALUE(RIGHT(A6,3))=7,"Help Desk Lead", VALUE(RIGHT(A6,3))<=10,"Security Transformation Lead", VALUE(RIGHT(A6,3))<=13,"HR & Training Team", VALUE(RIGHT(A6,3))=14,"IT Security Team", VALUE(RIGHT(A6,3))<=16,"HR & Training Team", VALUE(RIGHT(A6,3))=17,"PMO / Governance Support", VALUE(RIGHT(A6,3))=18,"HR & Training Team", VALUE(RIGHT(A6,3))=19,"Security Transformation Lead", VALUE(RIGHT(A6,3))=20,"HR & Training Team", VALUE(RIGHT(A6,3))<=22,"PMO / Governance Support", VALUE(RIGHT(A6,3))=23,"IT Security Team", VALUE(RIGHT(A6,3))<=25,"PMO / Governance Support", VALUE(RIGHT(A6,3))=26,"Department Managers", VALUE(RIGHT(A6,3))<=30,"IT Security Team", VALUE(RIGHT(A6,3))=31,"Department Managers", VALUE(RIGHT(A6,3))=32,"Security Transformation Lead", VALUE(RIGHT(A6,3))<=37,"PMO / Governance Support", VALUE(RIGHT(A6,3))=38,"Department Managers", VALUE(RIGHT(A6,3))<=42,"PMO / Governance Support", VALUE(RIGHT(A6,3))<=44,"Security Transformation Lead" ) -> IT Security Team | C6: =IFS( OR( VALUE(RIGHT(A6,3))<=10, VALUE(RIGHT(A6,3))=16, VALUE(RIGHT(A6,3))=25, VALUE(RIGHT(A6,3))=32, VALUE(RIGHT(A6,3))>=39 ),"High", OR( AND(VALUE(RIGHT(A6,3))>=11,VALUE(RIGHT(A6,3))<=20), AND(VALUE(RIGHT(A6,3))>=21,VALUE(RIGHT(A6,3))<=38) ),"Medium", TRUE,"Low" ) -> High | D6: =IFS( OR( VALUE(RIGHT(A6,3))=1, VALUE(RIGHT(A6,3))=2, VALUE(RIGHT(A6,3))=11, VALUE(RIGHT(A6,3))=21, VALUE(RIGHT(A6,3))=33, VALUE(RIGHT(A6,3))=39 ),"Done", OR( VALUE(RIGHT(A6,3))=4, VALUE(RIGHT(A6,3))=13, VALUE(RIGHT(A6,3))=22, VALUE(RIGHT(A6,3))=29, VALUE(RIGHT(A6,3))=34, VALUE(RIGHT(A6,3))=41 ),"In Progress", OR( VALUE(RIGHT(A6,3))=14, VALUE(RIGHT(A6,3))=23, VALUE(RIGHT(A6,3))=30 ),"Review", OR( VALUE(RIGHT(A6,3))=6, VALUE(RIGHT(A6,3))=16, VALUE(RIGHT(A6,3))=32 ),"Blocked", TRUE,"To Do" ) -> To Do | E6: =IFS( OR( VALUE(RIGHT(A6,3))=6, VALUE(RIGHT(A6,3))=16, VALUE(RIGHT(A6,3))=25, VALUE(RIGHT(A6,3))=32 ),"High", OR( AND(VALUE(RIGHT(A6,3))>=1,VALUE(RIGHT(A6,3))<=10), AND(VALUE(RIGHT(A6,3))>=11,VALUE(RIGHT(A6,3))<=20), AND(VALUE(RIGHT(A6,3))>=21,VALUE(RIGHT(A6,3))<=32) ),"Medium", TRUE,"Low" ) -> Medium | F6: =SWITCH( VALUE(RIGHT(A6,3)), 6,"SEC-002, SEC-005", 7,"SEC-006", 8,"SEC-006", 9,"SEC-008", 10,"SEC-008, SEC-009", 13,"SEC-012", 14,"SEC-012", 15,"SEC-013, SEC-014", 16,"SEC-013, SEC-015", 17,"SEC-016", 22,"SEC-021", 23,"SEC-021", 24,"SEC-022, SEC-023", 25,"SEC-022, SEC-023, SEC-024", 26,"SEC-025", 29,"SEC-027, SEC-028", 30,"SEC-029", 31,"SEC-029, SEC-030", 32,"SEC-029, SEC-030, SEC-031", 34,"SEC-033", 35,"SEC-034", 36,"SEC-034", 37,"SEC-035", 38,"SEC-036", 40,"SEC-039", 41,"SEC-039, SEC-040", 42,"SEC-040", 43,"SEC-041, SEC-042", 44,"SEC-043", "" )
A7: ="SEC-"&TEXT(ROW()-1,"000") -> SEC-006 | B7: =IFS( VALUE(RIGHT(A7,3))<=3,"IT Security Team", VALUE(RIGHT(A7,3))=4,"PMO / Governance Support", VALUE(RIGHT(A7,3))<=6,"IT Security Team", VALUE(RIGHT(A7,3))=7,"Help Desk Lead", VALUE(RIGHT(A7,3))<=10,"Security Transformation Lead", VALUE(RIGHT(A7,3))<=13,"HR & Training Team", VALUE(RIGHT(A7,3))=14,"IT Security Team", VALUE(RIGHT(A7,3))<=16,"HR & Training Team", VALUE(RIGHT(A7,3))=17,"PMO / Governance Support", VALUE(RIGHT(A7,3))=18,"HR & Training Team", VALUE(RIGHT(A7,3))=19,"Security Transformation Lead", VALUE(RIGHT(A7,3))=20,"HR & Training Team", VALUE(RIGHT(A7,3))<=22,"PMO / Governance Support", VALUE(RIGHT(A7,3))=23,"IT Security Team", VALUE(RIGHT(A7,3))<=25,"PMO / Governance Support", VALUE(RIGHT(A7,3))=26,"Department Managers", VALUE(RIGHT(A7,3))<=30,"IT Security Team", VALUE(RIGHT(A7,3))=31,"Department Managers", VALUE(RIGHT(A7,3))=32,"Security Transformation Lead", VALUE(RIGHT(A7,3))<=37,"PMO / Governance Support", VALUE(RIGHT(A7,3))=38,"Department Managers", VALUE(RIGHT(A7,3))<=42,"PMO / Governance Support", VALUE(RIGHT(A7,3))<=44,"Security Transformation Lead" ) -> IT Security Team | C7: =IFS( OR( VALUE(RIGHT(A7,3))<=10, VALUE(RIGHT(A7,3))=16, VALUE(RIGHT(A7,3))=25, VALUE(RIGHT(A7,3))=32, VALUE(RIGHT(A7,3))>=39 ),"High", OR( AND(VALUE(RIGHT(A7,3))>=11,VALUE(RIGHT(A7,3))<=20), AND(VALUE(RIGHT(A7,3))>=21,VALUE(RIGHT(A7,3))<=38) ),"Medium", TRUE,"Low" ) -> High | D7: =IFS( OR( VALUE(RIGHT(A7,3))=1, VALUE(RIGHT(A7,3))=2, VALUE(RIGHT(A7,3))=11, VALUE(RIGHT(A7,3))=21, VALUE(RIGHT(A7,3))=33, VALUE(RIGHT(A7,3))=39 ),"Done", OR( VALUE(RIGHT(A7,3))=4, VALUE(RIGHT(A7,3))=13, VALUE(RIGHT(A7,3))=22, VALUE(RIGHT(A7,3))=29, VALUE(RIGHT(A7,3))=34, VALUE(RIGHT(A7,3))=41 ),"In Progress", OR( VALUE(RIGHT(A7,3))=14, VALUE(RIGHT(A7,3))=23, VALUE(RIGHT(A7,3))=30 ),"Review", OR( VALUE(RIGHT(A7,3))=6, VALUE(RIGHT(A7,3))=16, VALUE(RIGHT(A7,3))=32 ),"Blocked", TRUE,"To Do" ) -> Blocked | E7: =IFS( OR( VALUE(RIGHT(A7,3))=6, VALUE(RIGHT(A7,3))=16, VALUE(RIGHT(A7,3))=25, VALUE(RIGHT(A7,3))=32 ),"High", OR( AND(VALUE(RIGHT(A7,3))>=1,VALUE(RIGHT(A7,3))<=10), AND(VALUE(RIGHT(A7,3))>=11,VALUE(RIGHT(A7,3))<=20), AND(VALUE(RIGHT(A7,3))>=21,VALUE(RIGHT(A7,3))<=32) ),"Medium", TRUE,"Low" ) -> High | F7: =SWITCH( VALUE(RIGHT(A7,3)), 6,"SEC-002, SEC-005", 7,"SEC-006", 8,"SEC-006", 9,"SEC-008", 10,"SEC-008, SEC-009", 13,"SEC-012", 14,"SEC-012", 15,"SEC-013, SEC-014", 16,"SEC-013, SEC-015", 17,"SEC-016", 22,"SEC-021", 23,"SEC-021", 24,"SEC-022, SEC-023", 25,"SEC-022, SEC-023, SEC-024", 26,"SEC-025", 29,"SEC-027, SEC-028", 30,"SEC-029", 31,"SEC-029, SEC-030", 32,"SEC-029, SEC-030, SEC-031", 34,"SEC-033", 35,"SEC-034", 36,"SEC-034", 37,"SEC-035", 38,"SEC-036", 40,"SEC-039", 41,"SEC-039, SEC-040", 42,"SEC-040", 43,"SEC-041, SEC-042", 44,"SEC-043", "" ) -> SEC-002, SEC-005
A8: ="SEC-"&TEXT(ROW()-1,"000") -> SEC-007 | B8: =IFS( VALUE(RIGHT(A8,3))<=3,"IT Security Team", VALUE(RIGHT(A8,3))=4,"PMO / Governance Support", VALUE(RIGHT(A8,3))<=6,"IT Security Team", VALUE(RIGHT(A8,3))=7,"Help Desk Lead", VALUE(RIGHT(A8,3))<=10,"Security Transformation Lead", VALUE(RIGHT(A8,3))<=13,"HR & Training Team", VALUE(RIGHT(A8,3))=14,"IT Security Team", VALUE(RIGHT(A8,3))<=16,"HR & Training Team", VALUE(RIGHT(A8,3))=17,"PMO / Governance Support", VALUE(RIGHT(A8,3))=18,"HR & Training Team", VALUE(RIGHT(A8,3))=19,"Security Transformation Lead", VALUE(RIGHT(A8,3))=20,"HR & Training Team", VALUE(RIGHT(A8,3))<=22,"PMO / Governance Support", VALUE(RIGHT(A8,3))=23,"IT Security Team", VALUE(RIGHT(A8,3))<=25,"PMO / Governance Support", VALUE(RIGHT(A8,3))=26,"Department Managers", VALUE(RIGHT(A8,3))<=30,"IT Security Team", VALUE(RIGHT(A8,3))=31,"Department Managers", VALUE(RIGHT(A8,3))=32,"Security Transformation Lead", VALUE(RIGHT(A8,3))<=37,"PMO / Governance Support", VALUE(RIGHT(A8,3))=38,"Department Managers", VALUE(RIGHT(A8,3))<=42,"PMO / Governance Support", VALUE(RIGHT(A8,3))<=44,"Security Transformation Lead" ) -> Help Desk Lead | C8: =IFS( OR( VALUE(RIGHT(A8,3))<=10, VALUE(RIGHT(A8,3))=16, VALUE(RIGHT(A8,3))=25, VALUE(RIGHT(A8,3))=32, VALUE(RIGHT(A8,3))>=39 ),"High", OR( AND(VALUE(RIGHT(A8,3))>=11,VALUE(RIGHT(A8,3))<=20), AND(VALUE(RIGHT(A8,3))>=21,VALUE(RIGHT(A8,3))<=38) ),"Medium", TRUE,"Low" ) -> High | D8: =IFS( OR( VALUE(RIGHT(A8,3))=1, VALUE(RIGHT(A8,3))=2, VALUE(RIGHT(A8,3))=11, VALUE(RIGHT(A8,3))=21, VALUE(RIGHT(A8,3))=33, VALUE(RIGHT(A8,3))=39 ),"Done", OR( VALUE(RIGHT(A8,3))=4, VALUE(RIGHT(A8,3))=13, VALUE(RIGHT(A8,3))=22, VALUE(RIGHT(A8,3))=29, VALUE(RIGHT(A8,3))=34, VALUE(RIGHT(A8,3))=41 ),"In Progress", OR( VALUE(RIGHT(A8,3))=14, VALUE(RIGHT(A8,3))=23, VALUE(RIGHT(A8,3))=30 ),"Review", OR( VALUE(RIGHT(A8,3))=6, VALUE(RIGHT(A8,3))=16, VALUE(RIGHT(A8,3))=32 ),"Blocked", TRUE,"To Do" ) -> To Do | E8: =IFS( OR( VALUE(RIGHT(A8,3))=6, VALUE(RIGHT(A8,3))=16, VALUE(RIGHT(A8,3))=25, VALUE(RIGHT(A8,3))=32 ),"High", OR( AND(VALUE(RIGHT(A8,3))>=1,VALUE(RIGHT(A8,3))<=10), AND(VALUE(RIGHT(A8,3))>=11,VALUE(RIGHT(A8,3))<=20), AND(VALUE(RIGHT(A8,3))>=21,VALUE(RIGHT(A8,3))<=32) ),"Medium", TRUE,"Low" ) -> Medium | F8: =SWITCH( VALUE(RIGHT(A8,3)), 6,"SEC-002, SEC-005", 7,"SEC-006", 8,"SEC-006", 9,"SEC-008", 10,"SEC-008, SEC-009", 13,"SEC-012", 14,"SEC-012", 15,"SEC-013, SEC-014", 16,"SEC-013, SEC-015", 17,"SEC-016", 22,"SEC-021", 23,"SEC-021", 24,"SEC-022, SEC-023", 25,"SEC-022, SEC-023, SEC-024", 26,"SEC-025", 29,"SEC-027, SEC-028", 30,"SEC-029", 31,"SEC-029, SEC-030", 32,"SEC-029, SEC-030, SEC-031", 34,"SEC-033", 35,"SEC-034", 36,"SEC-034", 37,"SEC-035", 38,"SEC-036", 40,"SEC-039", 41,"SEC-039, SEC-040", 42,"SEC-040", 43,"SEC-041, SEC-042", 44,"SEC-043", "" ) -> SEC-006
A9: ="SEC-"&TEXT(ROW()-1,"000") -> SEC-008 | B9: =IFS( VALUE(RIGHT(A9,3))<=3,"IT Security Team", VALUE(RIGHT(A9,3))=4,"PMO / Governance Support", VALUE(RIGHT(A9,3))<=6,"IT Security Team", VALUE(RIGHT(A9,3))=7,"Help Desk Lead", VALUE(RIGHT(A9,3))<=10,"Security Transformation Lead", VALUE(RIGHT(A9,3))<=13,"HR & Training Team", VALUE(RIGHT(A9,3))=14,"IT Security Team", VALUE(RIGHT(A9,3))<=16,"HR & Training Team", VALUE(RIGHT(A9,3))=17,"PMO / Governance Support", VALUE(RIGHT(A9,3))=18,"HR & Training Team", VALUE(RIGHT(A9,3))=19,"Security Transformation Lead", VALUE(RIGHT(A9,3))=20,"HR & Training Team", VALUE(RIGHT(A9,3))<=22,"PMO / Governance Support", VALUE(RIGHT(A9,3))=23,"IT Security Team", VALUE(RIGHT(A9,3))<=25,"PMO / Governance Support", VALUE(RIGHT(A9,3))=26,"Department Managers", VALUE(RIGHT(A9,3))<=30,"IT Security Team", VALUE(RIGHT(A9,3))=31,"Department Managers", VALUE(RIGHT(A9,3))=32,"Security Transformation Lead", VALUE(RIGHT(A9,3))<=37,"PMO / Governance Support", VALUE(RIGHT(A9,3))=38,"Department Managers", VALUE(RIGHT(A9,3))<=42,"PMO / Governance Support", VALUE(RIGHT(A9,3))<=44,"Security Transformation Lead" ) -> Security Transformation Lead | C9: =IFS( OR( VALUE(RIGHT(A9,3))<=10, VALUE(RIGHT(A9,3))=16, VALUE(RIGHT(A9,3))=25, VALUE(RIGHT(A9,3))=32, VALUE(RIGHT(A9,3))>=39 ),"High", OR( AND(VALUE(RIGHT(A9,3))>=11,VALUE(RIGHT(A9,3))<=20), AND(VALUE(RIGHT(A9,3))>=21,VALUE(RIGHT(A9,3))<=38) ),"Medium", TRUE,"Low" ) -> High | D9: =IFS( OR( VALUE(RIGHT(A9,3))=1, VALUE(RIGHT(A9,3))=2, VALUE(RIGHT(A9,3))=11, VALUE(RIGHT(A9,3))=21, VALUE(RIGHT(A9,3))=33, VALUE(RIGHT(A9,3))=39 ),"Done", OR( VALUE(RIGHT(A9,3))=4, VALUE(RIGHT(A9,3))=13, VALUE(RIGHT(A9,3))=22, VALUE(RIGHT(A9,3))=29, VALUE(RIGHT(A9,3))=34, VALUE(RIGHT(A9,3))=41 ),"In Progress", OR( VALUE(RIGHT(A9,3))=14, VALUE(RIGHT(A9,3))=23, VALUE(RIGHT(A9,3))=30 ),"Review", OR( VALUE(RIGHT(A9,3))=6, VALUE(RIGHT(A9,3))=16, VALUE(RIGHT(A9,3))=32 ),"Blocked", TRUE,"To Do" ) -> To Do | E9: =IFS( OR( VALUE(RIGHT(A9,3))=6, VALUE(RIGHT(A9,3))=16, VALUE(RIGHT(A9,3))=25, VALUE(RIGHT(A9,3))=32 ),"High", OR( AND(VALUE(RIGHT(A9,3))>=1,VALUE(RIGHT(A9,3))<=10), AND(VALUE(RIGHT(A9,3))>=11,VALUE(RIGHT(A9,3))<=20), AND(VALUE(RIGHT(A9,3))>=21,VALUE(RIGHT(A9,3))<=32) ),"Medium", TRUE,"Low" ) -> Medium | F9: =SWITCH( VALUE(RIGHT(A9,3)), 6,"SEC-002, SEC-005", 7,"SEC-006", 8,"SEC-006", 9,"SEC-008", 10,"SEC-008, SEC-009", 13,"SEC-012", 14,"SEC-012", 15,"SEC-013, SEC-014", 16,"SEC-013, SEC-015", 17,"SEC-016", 22,"SEC-021", 23,"SEC-021", 24,"SEC-022, SEC-023", 25,"SEC-022, SEC-023, SEC-024", 26,"SEC-025", 29,"SEC-027, SEC-028", 30,"SEC-029", 31,"SEC-029, SEC-030", 32,"SEC-029, SEC-030, SEC-031", 34,"SEC-033", 35,"SEC-034", 36,"SEC-034", 37,"SEC-035", 38,"SEC-036", 40,"SEC-039", 41,"SEC-039, SEC-040", 42,"SEC-040", 43,"SEC-041, SEC-042", 44,"SEC-043", "" ) -> SEC-006
A10: ="SEC-"&TEXT(ROW()-1,"000") -> SEC-009 | B10: =IFS( VALUE(RIGHT(A10,3))<=3,"IT Security Team", VALUE(RIGHT(A10,3))=4,"PMO / Governance Support", VALUE(RIGHT(A10,3))<=6,"IT Security Team", VALUE(RIGHT(A10,3))=7,"Help Desk Lead", VALUE(RIGHT(A10,3))<=10,"Security Transformation Lead", VALUE(RIGHT(A10,3))<=13,"HR & Training Team", VALUE(RIGHT(A10,3))=14,"IT Security Team", VALUE(RIGHT(A10,3))<=16,"HR & Training Team", VALUE(RIGHT(A10,3))=17,"PMO / Governance Support", VALUE(RIGHT(A10,3))=18,"HR & Training Team", VALUE(RIGHT(A10,3))=19,"Security Transformation Lead", VALUE(RIGHT(A10,3))=20,"HR & Training Team", VALUE(RIGHT(A10,3))<=22,"PMO / Governance Support", VALUE(RIGHT(A10,3))=23,"IT Security Team", VALUE(RIGHT(A10,3))<=25,"PMO / Governance Support", VALUE(RIGHT(A10,3))=26,"Department Managers", VALUE(RIGHT(A10,3))<=30,"IT Security Team", VALUE(RIGHT(A10,3))=31,"Department Managers", VALUE(RIGHT(A10,3))=32,"Security Transformation Lead", VALUE(RIGHT(A10,3))<=37,"PMO / Governance Support", VALUE(RIGHT(A10,3))=38,"Department Managers", VALUE(RIGHT(A10,3))<=42,"PMO / Governance Support", VALUE(RIGHT(A10,3))<=44,"Security Transformation Lead" ) -> Security Transformation Lead | C10: =IFS( OR( VALUE(RIGHT(A10,3))<=10, VALUE(RIGHT(A10,3))=16, VALUE(RIGHT(A10,3))=25, VALUE(RIGHT(A10,3))=32, VALUE(RIGHT(A10,3))>=39 ),"High", OR( AND(VALUE(RIGHT(A10,3))>=11,VALUE(RIGHT(A10,3))<=20), AND(VALUE(RIGHT(A10,3))>=21,VALUE(RIGHT(A10,3))<=38) ),"Medium", TRUE,"Low" ) -> High | D10: =IFS( OR( VALUE(RIGHT(A10,3))=1, VALUE(RIGHT(A10,3))=2, VALUE(RIGHT(A10,3))=11, VALUE(RIGHT(A10,3))=21, VALUE(RIGHT(A10,3))=33, VALUE(RIGHT(A10,3))=39 ),"Done", OR( VALUE(RIGHT(A10,3))=4, VALUE(RIGHT(A10,3))=13, VALUE(RIGHT(A10,3))=22, VALUE(RIGHT(A10,3))=29, VALUE(RIGHT(A10,3))=34, VALUE(RIGHT(A10,3))=41 ),"In Progress", OR( VALUE(RIGHT(A10,3))=14, VALUE(RIGHT(A10,3))=23, VALUE(RIGHT(A10,3))=30 ),"Review", OR( VALUE(RIGHT(A10,3))=6, VALUE(RIGHT(A10,3))=16, VALUE(RIGHT(A10,3))=32 ),"Blocked", TRUE,"To Do" ) -> To Do | E10: =IFS( OR( VALUE(RIGHT(A10,3))=6, VALUE(RIGHT(A10,3))=16, VALUE(RIGHT(A10,3))=25, VALUE(RIGHT(A10,3))=32 ),"High", OR( AND(VALUE(RIGHT(A10,3))>=1,VALUE(RIGHT(A10,3))<=10), AND(VALUE(RIGHT(A10,3))>=11,VALUE(RIGHT(A10,3))<=20), AND(VALUE(RIGHT(A10,3))>=21,VALUE(RIGHT(A10,3))<=32) ),"Medium", TRUE,"Low" ) -> Medium | F10: =SWITCH( VALUE(RIGHT(A10,3)), 6,"SEC-002, SEC-005", 7,"SEC-006", 8,"SEC-006", 9,"SEC-008", 10,"SEC-008, SEC-009", 13,"SEC-012", 14,"SEC-012", 15,"SEC-013, SEC-014", 16,"SEC-013, SEC-015", 17,"SEC-016", 22,"SEC-021", 23,"SEC-021", 24,"SEC-022, SEC-023", 25,"SEC-022, SEC-023, SEC-024", 26,"SEC-025", 29,"SEC-027, SEC-028", 30,"SEC-029", 31,"SEC-029, SEC-030", 32,"SEC-029, SEC-030, SEC-031", 34,"SEC-033", 35,"SEC-034", 36,"SEC-034", 37,"SEC-035", 38,"SEC-036", 40,"SEC-039", 41,"SEC-039, SEC-040", 42,"SEC-040", 43,"SEC-041, SEC-042", 44,"SEC-043", "" ) -> SEC-008
